group_name,label,exterior_image,interior_image,exterior_path,interior_path
JD00066_vs_JD05013,1,JD00066_vs_JD05013_exterior.png,JD00066_vs_JD05013_interior.png,real_match\JD00066_vs_JD05013_exterior.png,real_match\JD00066_vs_JD05013_interior.png
JD00085_vs_JD03460_sample3,1,JD00085_vs_JD03460_sample3_exterior.png,JD00085_vs_JD03460_sample3_interior.png,real_match\JD00085_vs_JD03460_sample3_exterior.png,real_match\JD00085_vs_JD03460_sample3_interior.png
JD00184_vs_JD00514_sample2,1,JD00184_vs_JD00514_sample2_exterior.png,JD00184_vs_JD00514_sample2_interior.png,real_match\JD00184_vs_JD00514_sample2_exterior.png,real_match\JD00184_vs_JD00514_sample2_interior.png
JD00287_vs_JD00616_sample2,1,JD00287_vs_JD00616_sample2_exterior.png,JD00287_vs_JD00616_sample2_interior.png,real_match\JD00287_vs_JD00616_sample2_exterior.png,real_match\JD00287_vs_JD00616_sample2_interior.png
JD00370_vs_JD08811_sample1,1,JD00370_vs_JD08811_sample1_exterior.png,JD00370_vs_JD08811_sample1_interior.png,real_match\JD00370_vs_JD08811_sample1_exterior.png,real_match\JD00370_vs_JD08811_sample1_interior.png
JD00553_vs_JD06321_sample2,1,JD00553_vs_JD06321_sample2_exterior.png,JD00553_vs_JD06321_sample2_interior.png,real_match\JD00553_vs_JD06321_sample2_exterior.png,real_match\JD00553_vs_JD06321_sample2_interior.png
JD00779 and JD00277,1,JD00779 and JD00277_exterior.png,JD00779 and JD00277_interior.png,real_match\JD00779 and JD00277_exterior.png,real_match\JD00779 and JD00277_interior.png
JD00856_vs_JD01013_sample4,1,JD00856_vs_JD01013_sample4_exterior.png,JD00856_vs_JD01013_sample4_interior.png,real_match\JD00856_vs_JD01013_sample4_exterior.png,real_match\JD00856_vs_JD01013_sample4_interior.png
JD00859_vs_JD00961,1,JD00859_vs_JD00961_exterior.png,JD00859_vs_JD00961_interior.png,real_match\JD00859_vs_JD00961_exterior.png,real_match\JD00859_vs_JD00961_interior.png
JD00868_vs_JD01142,1,JD00868_vs_JD01142_exterior.png,JD00868_vs_JD01142_interior.png,real_match\JD00868_vs_JD01142_exterior.png,real_match\JD00868_vs_JD01142_interior.png
JD00868_vs_JD01142_sample0,1,JD00868_vs_JD01142_sample0_exterior.png,JD00868_vs_JD01142_sample0_interior.png,real_match\JD00868_vs_JD01142_sample0_exterior.png,real_match\JD00868_vs_JD01142_sample0_interior.png
JD00924_vs_JD01004,1,JD00924_vs_JD01004_exterior.png,JD00924_vs_JD01004_interior.png,real_match\JD00924_vs_JD01004_exterior.png,real_match\JD00924_vs_JD01004_interior.png
JD01002_vs_JD01037,1,JD01002_vs_JD01037_exterior.png,JD01002_vs_JD01037_interior.png,real_match\JD01002_vs_JD01037_exterior.png,real_match\JD01002_vs_JD01037_interior.png
JD01021_vs_JD00871,1,JD01021_vs_JD00871_exterior.png,JD01021_vs_JD00871_interior.png,real_match\JD01021_vs_JD00871_exterior.png,real_match\JD01021_vs_JD00871_interior.png
JD01043 and JD01076,1,JD01043 and JD01076_exterior.png,JD01043 and JD01076_interior.png,real_match\JD01043 and JD01076_exterior.png,real_match\JD01043 and JD01076_interior.png
JD01091_vs_JD01369,1,JD01091_vs_JD01369_exterior.png,JD01091_vs_JD01369_interior.png,real_match\JD01091_vs_JD01369_exterior.png,real_match\JD01091_vs_JD01369_interior.png
JD01187_vs_JD09478_sample0,1,JD01187_vs_JD09478_sample0_exterior.png,JD01187_vs_JD09478_sample0_interior.png,real_match\JD01187_vs_JD09478_sample0_exterior.png,real_match\JD01187_vs_JD09478_sample0_interior.png
JD01193_vs_JD13682_sample1,1,JD01193_vs_JD13682_sample1_exterior.png,JD01193_vs_JD13682_sample1_interior.png,real_match\JD01193_vs_JD13682_sample1_exterior.png,real_match\JD01193_vs_JD13682_sample1_interior.png
JD01324_vs_JD11377_sample3,1,JD01324_vs_JD11377_sample3_exterior.png,JD01324_vs_JD11377_sample3_interior.png,real_match\JD01324_vs_JD11377_sample3_exterior.png,real_match\JD01324_vs_JD11377_sample3_interior.png
JD01328_vs_JD01402,1,JD01328_vs_JD01402_exterior.png,JD01328_vs_JD01402_interior.png,real_match\JD01328_vs_JD01402_exterior.png,real_match\JD01328_vs_JD01402_interior.png
JD01344_vs_JD01429,1,JD01344_vs_JD01429_exterior.png,JD01344_vs_JD01429_interior.png,real_match\JD01344_vs_JD01429_exterior.png,real_match\JD01344_vs_JD01429_interior.png
JD01347_vs_JD00909_sample1,1,JD01347_vs_JD00909_sample1_exterior.png,JD01347_vs_JD00909_sample1_interior.png,real_match\JD01347_vs_JD00909_sample1_exterior.png,real_match\JD01347_vs_JD00909_sample1_interior.png
JD01370_vs_JD01454_sample0,1,JD01370_vs_JD01454_sample0_exterior.png,JD01370_vs_JD01454_sample0_interior.png,real_match\JD01370_vs_JD01454_sample0_exterior.png,real_match\JD01370_vs_JD01454_sample0_interior.png
JD01559_vs_JD07305_sample4,1,JD01559_vs_JD07305_sample4_exterior.png,JD01559_vs_JD07305_sample4_interior.png,real_match\JD01559_vs_JD07305_sample4_exterior.png,real_match\JD01559_vs_JD07305_sample4_interior.png
JD01690_vs_JD09391_sample3,1,JD01690_vs_JD09391_sample3_exterior.png,JD01690_vs_JD09391_sample3_interior.png,real_match\JD01690_vs_JD09391_sample3_exterior.png,real_match\JD01690_vs_JD09391_sample3_interior.png
JD01859_vs_JD10267_sample4,1,JD01859_vs_JD10267_sample4_exterior.png,JD01859_vs_JD10267_sample4_interior.png,real_match\JD01859_vs_JD10267_sample4_exterior.png,real_match\JD01859_vs_JD10267_sample4_interior.png
JD01894_vs_JD01857_sample2,1,JD01894_vs_JD01857_sample2_exterior.png,JD01894_vs_JD01857_sample2_interior.png,real_match\JD01894_vs_JD01857_sample2_exterior.png,real_match\JD01894_vs_JD01857_sample2_interior.png
JD01973_vs_JD01899_sample0,1,JD01973_vs_JD01899_sample0_exterior.png,JD01973_vs_JD01899_sample0_interior.png,real_match\JD01973_vs_JD01899_sample0_exterior.png,real_match\JD01973_vs_JD01899_sample0_interior.png
JD01999_vs_JD15563_sample3,1,JD01999_vs_JD15563_sample3_exterior.png,JD01999_vs_JD15563_sample3_interior.png,real_match\JD01999_vs_JD15563_sample3_exterior.png,real_match\JD01999_vs_JD15563_sample3_interior.png
JD02001_vs_JD02101_sample4,1,JD02001_vs_JD02101_sample4_exterior.png,JD02001_vs_JD02101_sample4_interior.png,real_match\JD02001_vs_JD02101_sample4_exterior.png,real_match\JD02001_vs_JD02101_sample4_interior.png
JD02031_vs_JD02008_sample2,1,JD02031_vs_JD02008_sample2_exterior.png,JD02031_vs_JD02008_sample2_interior.png,real_match\JD02031_vs_JD02008_sample2_exterior.png,real_match\JD02031_vs_JD02008_sample2_interior.png
JD02080_vs_JD07207_sample2,1,JD02080_vs_JD07207_sample2_exterior.png,JD02080_vs_JD07207_sample2_interior.png,real_match\JD02080_vs_JD07207_sample2_exterior.png,real_match\JD02080_vs_JD07207_sample2_interior.png
JD02091_vs_JD04877_sample2,1,JD02091_vs_JD04877_sample2_exterior.png,JD02091_vs_JD04877_sample2_interior.png,real_match\JD02091_vs_JD04877_sample2_exterior.png,real_match\JD02091_vs_JD04877_sample2_interior.png
JD02101_vs_JD02001_sample1,1,JD02101_vs_JD02001_sample1_exterior.png,JD02101_vs_JD02001_sample1_interior.png,real_match\JD02101_vs_JD02001_sample1_exterior.png,real_match\JD02101_vs_JD02001_sample1_interior.png
JD02119_vs_JD09914_sample0,1,JD02119_vs_JD09914_sample0_exterior.png,JD02119_vs_JD09914_sample0_interior.png,real_match\JD02119_vs_JD09914_sample0_exterior.png,real_match\JD02119_vs_JD09914_sample0_interior.png
JD02173_vs_JD11284_sample1,1,JD02173_vs_JD11284_sample1_exterior.png,JD02173_vs_JD11284_sample1_interior.png,real_match\JD02173_vs_JD11284_sample1_exterior.png,real_match\JD02173_vs_JD11284_sample1_interior.png
JD02197_vs_JD12165_sample0,1,JD02197_vs_JD12165_sample0_exterior.png,JD02197_vs_JD12165_sample0_interior.png,real_match\JD02197_vs_JD12165_sample0_exterior.png,real_match\JD02197_vs_JD12165_sample0_interior.png
JD02538_vs_JD02570,1,JD02538_vs_JD02570_exterior.png,JD02538_vs_JD02570_interior.png,real_match\JD02538_vs_JD02570_exterior.png,real_match\JD02538_vs_JD02570_interior.png
JD02629 and JD08104,1,JD02629 and JD08104_exterior.png,JD02629 and JD08104_interior.png,real_match\JD02629 and JD08104_exterior.png,real_match\JD02629 and JD08104_interior.png
JD02642_vs_JD02768,1,JD02642_vs_JD02768_exterior.png,JD02642_vs_JD02768_interior.png,real_match\JD02642_vs_JD02768_exterior.png,real_match\JD02642_vs_JD02768_interior.png
JD02723_vs_JD02808,1,JD02723_vs_JD02808_exterior.png,JD02723_vs_JD02808_interior.png,real_match\JD02723_vs_JD02808_exterior.png,real_match\JD02723_vs_JD02808_interior.png
JD02771_vs_JD13061_sample2,1,JD02771_vs_JD13061_sample2_exterior.png,JD02771_vs_JD13061_sample2_interior.png,real_match\JD02771_vs_JD13061_sample2_exterior.png,real_match\JD02771_vs_JD13061_sample2_interior.png
JD02771_vs_JD15894,1,JD02771_vs_JD15894_exterior.png,JD02771_vs_JD15894_interior.png,real_match\JD02771_vs_JD15894_exterior.png,real_match\JD02771_vs_JD15894_interior.png
JD02777_vs_JD12835,1,JD02777_vs_JD12835_exterior.png,JD02777_vs_JD12835_interior.png,real_match\JD02777_vs_JD12835_exterior.png,real_match\JD02777_vs_JD12835_interior.png
JD02830_vs_JD03132_sample4,1,JD02830_vs_JD03132_sample4_exterior.png,JD02830_vs_JD03132_sample4_interior.png,real_match\JD02830_vs_JD03132_sample4_exterior.png,real_match\JD02830_vs_JD03132_sample4_interior.png
JD02865_vs_JD11073_sample0,1,JD02865_vs_JD11073_sample0_exterior.png,JD02865_vs_JD11073_sample0_interior.png,real_match\JD02865_vs_JD11073_sample0_exterior.png,real_match\JD02865_vs_JD11073_sample0_interior.png
JD02925 and JD02941,1,JD02925 and JD02941_exterior.png,JD02925 and JD02941_interior.png,real_match\JD02925 and JD02941_exterior.png,real_match\JD02925 and JD02941_interior.png
JD02941_vs_JD02925_sample2,1,JD02941_vs_JD02925_sample2_exterior.png,JD02941_vs_JD02925_sample2_interior.png,real_match\JD02941_vs_JD02925_sample2_exterior.png,real_match\JD02941_vs_JD02925_sample2_interior.png
JD02949_vs_JD05323_sample2,1,JD02949_vs_JD05323_sample2_exterior.png,JD02949_vs_JD05323_sample2_interior.png,real_match\JD02949_vs_JD05323_sample2_exterior.png,real_match\JD02949_vs_JD05323_sample2_interior.png
JD03079_vs_JD12316_sample3,1,JD03079_vs_JD12316_sample3_exterior.png,JD03079_vs_JD12316_sample3_interior.png,real_match\JD03079_vs_JD12316_sample3_exterior.png,real_match\JD03079_vs_JD12316_sample3_interior.png
JD03131_vs_JD11999,1,JD03131_vs_JD11999_exterior.png,JD03131_vs_JD11999_interior.png,real_match\JD03131_vs_JD11999_exterior.png,real_match\JD03131_vs_JD11999_interior.png
JD03291_vs_JD15265_sample2,1,JD03291_vs_JD15265_sample2_exterior.png,JD03291_vs_JD15265_sample2_interior.png,real_match\JD03291_vs_JD15265_sample2_exterior.png,real_match\JD03291_vs_JD15265_sample2_interior.png
JD03333_vs_JD14650_sample0,1,JD03333_vs_JD14650_sample0_exterior.png,JD03333_vs_JD14650_sample0_interior.png,real_match\JD03333_vs_JD14650_sample0_exterior.png,real_match\JD03333_vs_JD14650_sample0_interior.png
JD03431_vs_JD04953_sample0,1,JD03431_vs_JD04953_sample0_exterior.png,JD03431_vs_JD04953_sample0_interior.png,real_match\JD03431_vs_JD04953_sample0_exterior.png,real_match\JD03431_vs_JD04953_sample0_interior.png
JD03538_vs_JD05588_sample1,1,JD03538_vs_JD05588_sample1_exterior.png,JD03538_vs_JD05588_sample1_interior.png,real_match\JD03538_vs_JD05588_sample1_exterior.png,real_match\JD03538_vs_JD05588_sample1_interior.png
JD03541_vs_JD07213,1,JD03541_vs_JD07213_exterior.png,JD03541_vs_JD07213_interior.png,real_match\JD03541_vs_JD07213_exterior.png,real_match\JD03541_vs_JD07213_interior.png
JD03554_vs_JD03662_sample3,1,JD03554_vs_JD03662_sample3_exterior.png,JD03554_vs_JD03662_sample3_interior.png,real_match\JD03554_vs_JD03662_sample3_exterior.png,real_match\JD03554_vs_JD03662_sample3_interior.png
JD03574_vs_JD02096_sample3,1,JD03574_vs_JD02096_sample3_exterior.png,JD03574_vs_JD02096_sample3_interior.png,real_match\JD03574_vs_JD02096_sample3_exterior.png,real_match\JD03574_vs_JD02096_sample3_interior.png
JD03574_vs_JD04008_sample3,1,JD03574_vs_JD04008_sample3_exterior.png,JD03574_vs_JD04008_sample3_interior.png,real_match\JD03574_vs_JD04008_sample3_exterior.png,real_match\JD03574_vs_JD04008_sample3_interior.png
JD03596_vs_JD06727_sample0,1,JD03596_vs_JD06727_sample0_exterior.png,JD03596_vs_JD06727_sample0_interior.png,real_match\JD03596_vs_JD06727_sample0_exterior.png,real_match\JD03596_vs_JD06727_sample0_interior.png
JD03600_vs_JD09914_sample1,1,JD03600_vs_JD09914_sample1_exterior.png,JD03600_vs_JD09914_sample1_interior.png,real_match\JD03600_vs_JD09914_sample1_exterior.png,real_match\JD03600_vs_JD09914_sample1_interior.png
JD03610_vs_JD10431_sample0,1,JD03610_vs_JD10431_sample0_exterior.png,JD03610_vs_JD10431_sample0_interior.png,real_match\JD03610_vs_JD10431_sample0_exterior.png,real_match\JD03610_vs_JD10431_sample0_interior.png
JD03613_vs_JD10367_sample2,1,JD03613_vs_JD10367_sample2_exterior.png,JD03613_vs_JD10367_sample2_interior.png,real_match\JD03613_vs_JD10367_sample2_exterior.png,real_match\JD03613_vs_JD10367_sample2_interior.png
JD03692_vs_JD11799_sample2,1,JD03692_vs_JD11799_sample2_exterior.png,JD03692_vs_JD11799_sample2_interior.png,real_match\JD03692_vs_JD11799_sample2_exterior.png,real_match\JD03692_vs_JD11799_sample2_interior.png
JD03698_vs_JD03861_sample4,1,JD03698_vs_JD03861_sample4_exterior.png,JD03698_vs_JD03861_sample4_interior.png,real_match\JD03698_vs_JD03861_sample4_exterior.png,real_match\JD03698_vs_JD03861_sample4_interior.png
JD03757_vs_JD07013,1,JD03757_vs_JD07013_exterior.png,JD03757_vs_JD07013_interior.png,real_match\JD03757_vs_JD07013_exterior.png,real_match\JD03757_vs_JD07013_interior.png
JD03790_vs_JD09004_sample4,1,JD03790_vs_JD09004_sample4_exterior.png,JD03790_vs_JD09004_sample4_interior.png,real_match\JD03790_vs_JD09004_sample4_exterior.png,real_match\JD03790_vs_JD09004_sample4_interior.png
JD03801_vs_JD03431_sample3,1,JD03801_vs_JD03431_sample3_exterior.png,JD03801_vs_JD03431_sample3_interior.png,real_match\JD03801_vs_JD03431_sample3_exterior.png,real_match\JD03801_vs_JD03431_sample3_interior.png
JD03812_vs_JD05759_sample1,1,JD03812_vs_JD05759_sample1_exterior.png,JD03812_vs_JD05759_sample1_interior.png,real_match\JD03812_vs_JD05759_sample1_exterior.png,real_match\JD03812_vs_JD05759_sample1_interior.png
JD03839_vs_JD01174_sample1,1,JD03839_vs_JD01174_sample1_exterior.png,JD03839_vs_JD01174_sample1_interior.png,real_match\JD03839_vs_JD01174_sample1_exterior.png,real_match\JD03839_vs_JD01174_sample1_interior.png
JD03867_vs_JD04125,1,JD03867_vs_JD04125_exterior.png,JD03867_vs_JD04125_interior.png,real_match\JD03867_vs_JD04125_exterior.png,real_match\JD03867_vs_JD04125_interior.png
JD03867_vs_JD04125_sample4,1,JD03867_vs_JD04125_sample4_exterior.png,JD03867_vs_JD04125_sample4_interior.png,real_match\JD03867_vs_JD04125_sample4_exterior.png,real_match\JD03867_vs_JD04125_sample4_interior.png
JD03888_vs_JD14783_sample1,1,JD03888_vs_JD14783_sample1_exterior.png,JD03888_vs_JD14783_sample1_interior.png,real_match\JD03888_vs_JD14783_sample1_exterior.png,real_match\JD03888_vs_JD14783_sample1_interior.png
JD04064_vs_JD14289_sample0,1,JD04064_vs_JD14289_sample0_exterior.png,JD04064_vs_JD14289_sample0_interior.png,real_match\JD04064_vs_JD14289_sample0_exterior.png,real_match\JD04064_vs_JD14289_sample0_interior.png
JD04129_vs_JD03588_sample3,1,JD04129_vs_JD03588_sample3_exterior.png,JD04129_vs_JD03588_sample3_interior.png,real_match\JD04129_vs_JD03588_sample3_exterior.png,real_match\JD04129_vs_JD03588_sample3_interior.png
JD04217_vs_JD04347,1,JD04217_vs_JD04347_exterior.png,JD04217_vs_JD04347_interior.png,real_match\JD04217_vs_JD04347_exterior.png,real_match\JD04217_vs_JD04347_interior.png
JD04226_vs_JD13093_sample1,1,JD04226_vs_JD13093_sample1_exterior.png,JD04226_vs_JD13093_sample1_interior.png,real_match\JD04226_vs_JD13093_sample1_exterior.png,real_match\JD04226_vs_JD13093_sample1_interior.png
JD04241_vs_JD13475_sample3,1,JD04241_vs_JD13475_sample3_exterior.png,JD04241_vs_JD13475_sample3_interior.png,real_match\JD04241_vs_JD13475_sample3_exterior.png,real_match\JD04241_vs_JD13475_sample3_interior.png
JD04265_vs_JD04321_sample4,1,JD04265_vs_JD04321_sample4_exterior.png,JD04265_vs_JD04321_sample4_interior.png,real_match\JD04265_vs_JD04321_sample4_exterior.png,real_match\JD04265_vs_JD04321_sample4_interior.png
JD04272_vs_JD04983_sample2,1,JD04272_vs_JD04983_sample2_exterior.png,JD04272_vs_JD04983_sample2_interior.png,real_match\JD04272_vs_JD04983_sample2_exterior.png,real_match\JD04272_vs_JD04983_sample2_interior.png
JD04355_vs_JD04538,1,JD04355_vs_JD04538_exterior.png,JD04355_vs_JD04538_interior.png,real_match\JD04355_vs_JD04538_exterior.png,real_match\JD04355_vs_JD04538_interior.png
JD04490_vs_JD12539_sample2,1,JD04490_vs_JD12539_sample2_exterior.png,JD04490_vs_JD12539_sample2_interior.png,real_match\JD04490_vs_JD12539_sample2_exterior.png,real_match\JD04490_vs_JD12539_sample2_interior.png
JD04506_vs_JD12526,1,JD04506_vs_JD12526_exterior.png,JD04506_vs_JD12526_interior.png,real_match\JD04506_vs_JD12526_exterior.png,real_match\JD04506_vs_JD12526_interior.png
JD04509_vs_JD05452,1,JD04509_vs_JD05452_exterior.png,JD04509_vs_JD05452_interior.png,real_match\JD04509_vs_JD05452_exterior.png,real_match\JD04509_vs_JD05452_interior.png
JD04521_vs_JD15223_sample0,1,JD04521_vs_JD15223_sample0_exterior.png,JD04521_vs_JD15223_sample0_interior.png,real_match\JD04521_vs_JD15223_sample0_exterior.png,real_match\JD04521_vs_JD15223_sample0_interior.png
JD04865_vs_JD15735_sample0,1,JD04865_vs_JD15735_sample0_exterior.png,JD04865_vs_JD15735_sample0_interior.png,real_match\JD04865_vs_JD15735_sample0_exterior.png,real_match\JD04865_vs_JD15735_sample0_interior.png
JD04868_vs_JD03431_sample0,1,JD04868_vs_JD03431_sample0_exterior.png,JD04868_vs_JD03431_sample0_interior.png,real_match\JD04868_vs_JD03431_sample0_exterior.png,real_match\JD04868_vs_JD03431_sample0_interior.png
JD04983_vs_JD12899_sample3,1,JD04983_vs_JD12899_sample3_exterior.png,JD04983_vs_JD12899_sample3_interior.png,real_match\JD04983_vs_JD12899_sample3_exterior.png,real_match\JD04983_vs_JD12899_sample3_interior.png
JD05020_vs_JD07363_sample0,1,JD05020_vs_JD07363_sample0_exterior.png,JD05020_vs_JD07363_sample0_interior.png,real_match\JD05020_vs_JD07363_sample0_exterior.png,real_match\JD05020_vs_JD07363_sample0_interior.png
JD05105_vs_JD16389,1,JD05105_vs_JD16389_exterior.png,JD05105_vs_JD16389_interior.png,real_match\JD05105_vs_JD16389_exterior.png,real_match\JD05105_vs_JD16389_interior.png
JD05128_vs_JD05845_sample4,1,JD05128_vs_JD05845_sample4_exterior.png,JD05128_vs_JD05845_sample4_interior.png,real_match\JD05128_vs_JD05845_sample4_exterior.png,real_match\JD05128_vs_JD05845_sample4_interior.png
JD05131_vs_JD03443_sample3,1,JD05131_vs_JD03443_sample3_exterior.png,JD05131_vs_JD03443_sample3_interior.png,real_match\JD05131_vs_JD03443_sample3_exterior.png,real_match\JD05131_vs_JD03443_sample3_interior.png
JD05140_vs_JD07328_sample3,1,JD05140_vs_JD07328_sample3_exterior.png,JD05140_vs_JD07328_sample3_interior.png,real_match\JD05140_vs_JD07328_sample3_exterior.png,real_match\JD05140_vs_JD07328_sample3_interior.png
JD05183_vs_JD00797_sample3,1,JD05183_vs_JD00797_sample3_exterior.png,JD05183_vs_JD00797_sample3_interior.png,real_match\JD05183_vs_JD00797_sample3_exterior.png,real_match\JD05183_vs_JD00797_sample3_interior.png
JD05225_vs_JD05382_sample1,1,JD05225_vs_JD05382_sample1_exterior.png,JD05225_vs_JD05382_sample1_interior.png,real_match\JD05225_vs_JD05382_sample1_exterior.png,real_match\JD05225_vs_JD05382_sample1_interior.png
JD05339 and JD08236,1,JD05339 and JD08236_exterior.png,JD05339 and JD08236_interior.png,real_match\JD05339 and JD08236_exterior.png,real_match\JD05339 and JD08236_interior.png
JD05367_vs_JD13862_sample4,1,JD05367_vs_JD13862_sample4_exterior.png,JD05367_vs_JD13862_sample4_interior.png,real_match\JD05367_vs_JD13862_sample4_exterior.png,real_match\JD05367_vs_JD13862_sample4_interior.png
JD05371_vs_JD12014_sample2,1,JD05371_vs_JD12014_sample2_exterior.png,JD05371_vs_JD12014_sample2_interior.png,real_match\JD05371_vs_JD12014_sample2_exterior.png,real_match\JD05371_vs_JD12014_sample2_interior.png
JD05371_vs_JD16452_sample0,1,JD05371_vs_JD16452_sample0_exterior.png,JD05371_vs_JD16452_sample0_interior.png,real_match\JD05371_vs_JD16452_sample0_exterior.png,real_match\JD05371_vs_JD16452_sample0_interior.png
JD05371_vs_JD16513_sample1,1,JD05371_vs_JD16513_sample1_exterior.png,JD05371_vs_JD16513_sample1_interior.png,real_match\JD05371_vs_JD16513_sample1_exterior.png,real_match\JD05371_vs_JD16513_sample1_interior.png
JD05414_vs_JD02978,1,JD05414_vs_JD02978_exterior.png,JD05414_vs_JD02978_interior.png,real_match\JD05414_vs_JD02978_exterior.png,real_match\JD05414_vs_JD02978_interior.png
JD05445_vs_JD09033_sample3,1,JD05445_vs_JD09033_sample3_exterior.png,JD05445_vs_JD09033_sample3_interior.png,real_match\JD05445_vs_JD09033_sample3_exterior.png,real_match\JD05445_vs_JD09033_sample3_interior.png
JD05445_vs_JD09034_sample4,1,JD05445_vs_JD09034_sample4_exterior.png,JD05445_vs_JD09034_sample4_interior.png,real_match\JD05445_vs_JD09034_sample4_exterior.png,real_match\JD05445_vs_JD09034_sample4_interior.png
JD05445_vs_JD09144_sample0,1,JD05445_vs_JD09144_sample0_exterior.png,JD05445_vs_JD09144_sample0_interior.png,real_match\JD05445_vs_JD09144_sample0_exterior.png,real_match\JD05445_vs_JD09144_sample0_interior.png
JD05470_vs_JD14485_sample0,1,JD05470_vs_JD14485_sample0_exterior.png,JD05470_vs_JD14485_sample0_interior.png,real_match\JD05470_vs_JD14485_sample0_exterior.png,real_match\JD05470_vs_JD14485_sample0_interior.png
JD05485_vs_JD02465_sample3,1,JD05485_vs_JD02465_sample3_exterior.png,JD05485_vs_JD02465_sample3_interior.png,real_match\JD05485_vs_JD02465_sample3_exterior.png,real_match\JD05485_vs_JD02465_sample3_interior.png
JD05486_vs_JD09598_sample1,1,JD05486_vs_JD09598_sample1_exterior.png,JD05486_vs_JD09598_sample1_interior.png,real_match\JD05486_vs_JD09598_sample1_exterior.png,real_match\JD05486_vs_JD09598_sample1_interior.png
JD05500_vs_JD07266,1,JD05500_vs_JD07266_exterior.png,JD05500_vs_JD07266_interior.png,real_match\JD05500_vs_JD07266_exterior.png,real_match\JD05500_vs_JD07266_interior.png
JD05526_vs_JD05711_sample0,1,JD05526_vs_JD05711_sample0_exterior.png,JD05526_vs_JD05711_sample0_interior.png,real_match\JD05526_vs_JD05711_sample0_exterior.png,real_match\JD05526_vs_JD05711_sample0_interior.png
JD05527_vs_JD05546_sample0,1,JD05527_vs_JD05546_sample0_exterior.png,JD05527_vs_JD05546_sample0_interior.png,real_match\JD05527_vs_JD05546_sample0_exterior.png,real_match\JD05527_vs_JD05546_sample0_interior.png
JD05603_vs_JD05678,1,JD05603_vs_JD05678_exterior.png,JD05603_vs_JD05678_interior.png,real_match\JD05603_vs_JD05678_exterior.png,real_match\JD05603_vs_JD05678_interior.png
JD05645_vs_JD10721,1,JD05645_vs_JD10721_exterior.png,JD05645_vs_JD10721_interior.png,real_match\JD05645_vs_JD10721_exterior.png,real_match\JD05645_vs_JD10721_interior.png
JD05674_vs_JD11421_sample1,1,JD05674_vs_JD11421_sample1_exterior.png,JD05674_vs_JD11421_sample1_interior.png,real_match\JD05674_vs_JD11421_sample1_exterior.png,real_match\JD05674_vs_JD11421_sample1_interior.png
JD05688_vs_JD10601_sample1,1,JD05688_vs_JD10601_sample1_exterior.png,JD05688_vs_JD10601_sample1_interior.png,real_match\JD05688_vs_JD10601_sample1_exterior.png,real_match\JD05688_vs_JD10601_sample1_interior.png
JD05688_vs_JD11319_sample2,1,JD05688_vs_JD11319_sample2_exterior.png,JD05688_vs_JD11319_sample2_interior.png,real_match\JD05688_vs_JD11319_sample2_exterior.png,real_match\JD05688_vs_JD11319_sample2_interior.png
JD05694_vs_JD07583_sample1,1,JD05694_vs_JD07583_sample1_exterior.png,JD05694_vs_JD07583_sample1_interior.png,real_match\JD05694_vs_JD07583_sample1_exterior.png,real_match\JD05694_vs_JD07583_sample1_interior.png
JD05738_vs_JD10323_sample2,1,JD05738_vs_JD10323_sample2_exterior.png,JD05738_vs_JD10323_sample2_interior.png,real_match\JD05738_vs_JD10323_sample2_exterior.png,real_match\JD05738_vs_JD10323_sample2_interior.png
JD05759_vs_JD03812_sample0,1,JD05759_vs_JD03812_sample0_exterior.png,JD05759_vs_JD03812_sample0_interior.png,real_match\JD05759_vs_JD03812_sample0_exterior.png,real_match\JD05759_vs_JD03812_sample0_interior.png
JD05774_vs_JD11957_sample2,1,JD05774_vs_JD11957_sample2_exterior.png,JD05774_vs_JD11957_sample2_interior.png,real_match\JD05774_vs_JD11957_sample2_exterior.png,real_match\JD05774_vs_JD11957_sample2_interior.png
JD05774_vs_JD12941_sample1,1,JD05774_vs_JD12941_sample1_exterior.png,JD05774_vs_JD12941_sample1_interior.png,real_match\JD05774_vs_JD12941_sample1_exterior.png,real_match\JD05774_vs_JD12941_sample1_interior.png
JD05830_vs_JD17582_sample2,1,JD05830_vs_JD17582_sample2_exterior.png,JD05830_vs_JD17582_sample2_interior.png,real_match\JD05830_vs_JD17582_sample2_exterior.png,real_match\JD05830_vs_JD17582_sample2_interior.png
JD05903_vs_JD09040_sample1,1,JD05903_vs_JD09040_sample1_exterior.png,JD05903_vs_JD09040_sample1_interior.png,real_match\JD05903_vs_JD09040_sample1_exterior.png,real_match\JD05903_vs_JD09040_sample1_interior.png
JD05929_vs_JD13462_sample1,1,JD05929_vs_JD13462_sample1_exterior.png,JD05929_vs_JD13462_sample1_interior.png,real_match\JD05929_vs_JD13462_sample1_exterior.png,real_match\JD05929_vs_JD13462_sample1_interior.png
JD06056_vs_JD06145_sample4,1,JD06056_vs_JD06145_sample4_exterior.png,JD06056_vs_JD06145_sample4_interior.png,real_match\JD06056_vs_JD06145_sample4_exterior.png,real_match\JD06056_vs_JD06145_sample4_interior.png
JD06338_vs_JD07922,1,JD06338_vs_JD07922_exterior.png,JD06338_vs_JD07922_interior.png,real_match\JD06338_vs_JD07922_exterior.png,real_match\JD06338_vs_JD07922_interior.png
JD06372_vs_JD13431_sample4,1,JD06372_vs_JD13431_sample4_exterior.png,JD06372_vs_JD13431_sample4_interior.png,real_match\JD06372_vs_JD13431_sample4_exterior.png,real_match\JD06372_vs_JD13431_sample4_interior.png
JD06435_vs_JD16527,1,JD06435_vs_JD16527_exterior.png,JD06435_vs_JD16527_interior.png,real_match\JD06435_vs_JD16527_exterior.png,real_match\JD06435_vs_JD16527_interior.png
JD06471_vs_JD08692,1,JD06471_vs_JD08692_exterior.png,JD06471_vs_JD08692_interior.png,real_match\JD06471_vs_JD08692_exterior.png,real_match\JD06471_vs_JD08692_interior.png
JD06564_vs_JD06688_sample3,1,JD06564_vs_JD06688_sample3_exterior.png,JD06564_vs_JD06688_sample3_interior.png,real_match\JD06564_vs_JD06688_sample3_exterior.png,real_match\JD06564_vs_JD06688_sample3_interior.png
JD06575_vs_JD13672_sample1,1,JD06575_vs_JD13672_sample1_exterior.png,JD06575_vs_JD13672_sample1_interior.png,real_match\JD06575_vs_JD13672_sample1_exterior.png,real_match\JD06575_vs_JD13672_sample1_interior.png
JD06581_vs_JD05323_sample1,1,JD06581_vs_JD05323_sample1_exterior.png,JD06581_vs_JD05323_sample1_interior.png,real_match\JD06581_vs_JD05323_sample1_exterior.png,real_match\JD06581_vs_JD05323_sample1_interior.png
JD06678_vs_JD03518_sample3,1,JD06678_vs_JD03518_sample3_exterior.png,JD06678_vs_JD03518_sample3_interior.png,real_match\JD06678_vs_JD03518_sample3_exterior.png,real_match\JD06678_vs_JD03518_sample3_interior.png
JD06678_vs_JD09507_sample0,1,JD06678_vs_JD09507_sample0_exterior.png,JD06678_vs_JD09507_sample0_interior.png,real_match\JD06678_vs_JD09507_sample0_exterior.png,real_match\JD06678_vs_JD09507_sample0_interior.png
JD06734_vs_JD11721_sample1,1,JD06734_vs_JD11721_sample1_exterior.png,JD06734_vs_JD11721_sample1_interior.png,real_match\JD06734_vs_JD11721_sample1_exterior.png,real_match\JD06734_vs_JD11721_sample1_interior.png
JD06747_vs_JD06814_sample0,1,JD06747_vs_JD06814_sample0_exterior.png,JD06747_vs_JD06814_sample0_interior.png,real_match\JD06747_vs_JD06814_sample0_exterior.png,real_match\JD06747_vs_JD06814_sample0_interior.png
JD06812_vs_JD09858_sample2,1,JD06812_vs_JD09858_sample2_exterior.png,JD06812_vs_JD09858_sample2_interior.png,real_match\JD06812_vs_JD09858_sample2_exterior.png,real_match\JD06812_vs_JD09858_sample2_interior.png
JD06814_vs_JD02192_sample0,1,JD06814_vs_JD02192_sample0_exterior.png,JD06814_vs_JD02192_sample0_interior.png,real_match\JD06814_vs_JD02192_sample0_exterior.png,real_match\JD06814_vs_JD02192_sample0_interior.png
JD06828_vs_JD11139_sample4,1,JD06828_vs_JD11139_sample4_exterior.png,JD06828_vs_JD11139_sample4_interior.png,real_match\JD06828_vs_JD11139_sample4_exterior.png,real_match\JD06828_vs_JD11139_sample4_interior.png
JD06832_vs_JD16215_sample0,1,JD06832_vs_JD16215_sample0_exterior.png,JD06832_vs_JD16215_sample0_interior.png,real_match\JD06832_vs_JD16215_sample0_exterior.png,real_match\JD06832_vs_JD16215_sample0_interior.png
JD06944_vs_JD07588,1,JD06944_vs_JD07588_exterior.png,JD06944_vs_JD07588_interior.png,real_match\JD06944_vs_JD07588_exterior.png,real_match\JD06944_vs_JD07588_interior.png
JD06951_vs_JD08808_sample1,1,JD06951_vs_JD08808_sample1_exterior.png,JD06951_vs_JD08808_sample1_interior.png,real_match\JD06951_vs_JD08808_sample1_exterior.png,real_match\JD06951_vs_JD08808_sample1_interior.png
JD06961_vs_JD08580_sample2,1,JD06961_vs_JD08580_sample2_exterior.png,JD06961_vs_JD08580_sample2_interior.png,real_match\JD06961_vs_JD08580_sample2_exterior.png,real_match\JD06961_vs_JD08580_sample2_interior.png
JD06985 and JD07101 and JD07115,1,JD06985 and JD07101 and JD07115_exterior.png,JD06985 and JD07101 and JD07115_interior.png,real_match\JD06985 and JD07101 and JD07115_exterior.png,real_match\JD06985 and JD07101 and JD07115_interior.png
JD07013_vs_JD07105_sample4,1,JD07013_vs_JD07105_sample4_exterior.png,JD07013_vs_JD07105_sample4_interior.png,real_match\JD07013_vs_JD07105_sample4_exterior.png,real_match\JD07013_vs_JD07105_sample4_interior.png
JD07021_vs_JD07112_sample1,1,JD07021_vs_JD07112_sample1_exterior.png,JD07021_vs_JD07112_sample1_interior.png,real_match\JD07021_vs_JD07112_sample1_exterior.png,real_match\JD07021_vs_JD07112_sample1_interior.png
JD07041_vs_JD07034_sample4,1,JD07041_vs_JD07034_sample4_exterior.png,JD07041_vs_JD07034_sample4_interior.png,real_match\JD07041_vs_JD07034_sample4_exterior.png,real_match\JD07041_vs_JD07034_sample4_interior.png
JD07055_vs_JD07123_sample2,1,JD07055_vs_JD07123_sample2_exterior.png,JD07055_vs_JD07123_sample2_interior.png,real_match\JD07055_vs_JD07123_sample2_exterior.png,real_match\JD07055_vs_JD07123_sample2_interior.png
JD07064_vs_JD15677,1,JD07064_vs_JD15677_exterior.png,JD07064_vs_JD15677_interior.png,real_match\JD07064_vs_JD15677_exterior.png,real_match\JD07064_vs_JD15677_interior.png
JD07082_vs_JD07102_sample1,1,JD07082_vs_JD07102_sample1_exterior.png,JD07082_vs_JD07102_sample1_interior.png,real_match\JD07082_vs_JD07102_sample1_exterior.png,real_match\JD07082_vs_JD07102_sample1_interior.png
JD07091_vs_JD13505_sample1,1,JD07091_vs_JD13505_sample1_exterior.png,JD07091_vs_JD13505_sample1_interior.png,real_match\JD07091_vs_JD13505_sample1_exterior.png,real_match\JD07091_vs_JD13505_sample1_interior.png
JD07112_vs_JD07004_sample4,1,JD07112_vs_JD07004_sample4_exterior.png,JD07112_vs_JD07004_sample4_interior.png,real_match\JD07112_vs_JD07004_sample4_exterior.png,real_match\JD07112_vs_JD07004_sample4_interior.png
JD07118_vs_JD07123_sample4,1,JD07118_vs_JD07123_sample4_exterior.png,JD07118_vs_JD07123_sample4_interior.png,real_match\JD07118_vs_JD07123_sample4_exterior.png,real_match\JD07118_vs_JD07123_sample4_interior.png
JD07160_vs_JD06909,1,JD07160_vs_JD06909_exterior.png,JD07160_vs_JD06909_interior.png,real_match\JD07160_vs_JD06909_exterior.png,real_match\JD07160_vs_JD06909_interior.png
JD07173_vs_JD06906_sample2,1,JD07173_vs_JD06906_sample2_exterior.png,JD07173_vs_JD06906_sample2_interior.png,real_match\JD07173_vs_JD06906_sample2_exterior.png,real_match\JD07173_vs_JD06906_sample2_interior.png
JD07207_vs_JD02080_sample0,1,JD07207_vs_JD02080_sample0_exterior.png,JD07207_vs_JD02080_sample0_interior.png,real_match\JD07207_vs_JD02080_sample0_exterior.png,real_match\JD07207_vs_JD02080_sample0_interior.png
JD07234_vs_JD07293_sample0,1,JD07234_vs_JD07293_sample0_exterior.png,JD07234_vs_JD07293_sample0_interior.png,real_match\JD07234_vs_JD07293_sample0_exterior.png,real_match\JD07234_vs_JD07293_sample0_interior.png
JD07332_vs_JD07717,1,JD07332_vs_JD07717_exterior.png,JD07332_vs_JD07717_interior.png,real_match\JD07332_vs_JD07717_exterior.png,real_match\JD07332_vs_JD07717_interior.png
JD07363_vs_JD05020_sample2,1,JD07363_vs_JD05020_sample2_exterior.png,JD07363_vs_JD05020_sample2_interior.png,real_match\JD07363_vs_JD05020_sample2_exterior.png,real_match\JD07363_vs_JD05020_sample2_interior.png
JD07461_vs_JD07335_sample0,1,JD07461_vs_JD07335_sample0_exterior.png,JD07461_vs_JD07335_sample0_interior.png,real_match\JD07461_vs_JD07335_sample0_exterior.png,real_match\JD07461_vs_JD07335_sample0_interior.png
JD07537_vs_JD12628,1,JD07537_vs_JD12628_exterior.png,JD07537_vs_JD12628_interior.png,real_match\JD07537_vs_JD12628_exterior.png,real_match\JD07537_vs_JD12628_interior.png
JD07635 and JD07807,1,JD07635 and JD07807_exterior.png,JD07635 and JD07807_interior.png,real_match\JD07635 and JD07807_exterior.png,real_match\JD07635 and JD07807_interior.png
JD07671_vs_JD15091_sample2,1,JD07671_vs_JD15091_sample2_exterior.png,JD07671_vs_JD15091_sample2_interior.png,real_match\JD07671_vs_JD15091_sample2_exterior.png,real_match\JD07671_vs_JD15091_sample2_interior.png
JD07673_vs_JD05644_sample3,1,JD07673_vs_JD05644_sample3_exterior.png,JD07673_vs_JD05644_sample3_interior.png,real_match\JD07673_vs_JD05644_sample3_exterior.png,real_match\JD07673_vs_JD05644_sample3_interior.png
JD07679 and JD07833,1,JD07679 and JD07833_exterior.png,JD07679 and JD07833_interior.png,real_match\JD07679 and JD07833_exterior.png,real_match\JD07679 and JD07833_interior.png
JD07935_vs_JD07775_sample0,1,JD07935_vs_JD07775_sample0_exterior.png,JD07935_vs_JD07775_sample0_interior.png,real_match\JD07935_vs_JD07775_sample0_exterior.png,real_match\JD07935_vs_JD07775_sample0_interior.png
JD07992 and JD08040,1,JD07992 and JD08040_exterior.png,JD07992 and JD08040_interior.png,real_match\JD07992 and JD08040_exterior.png,real_match\JD07992 and JD08040_interior.png
JD08133_vs_JD16653_sample1,1,JD08133_vs_JD16653_sample1_exterior.png,JD08133_vs_JD16653_sample1_interior.png,real_match\JD08133_vs_JD16653_sample1_exterior.png,real_match\JD08133_vs_JD16653_sample1_interior.png
JD08148_vs_JD08149_sample3,1,JD08148_vs_JD08149_sample3_exterior.png,JD08148_vs_JD08149_sample3_interior.png,real_match\JD08148_vs_JD08149_sample3_exterior.png,real_match\JD08148_vs_JD08149_sample3_interior.png
JD08231_vs_JD07740,1,JD08231_vs_JD07740_exterior.png,JD08231_vs_JD07740_interior.png,real_match\JD08231_vs_JD07740_exterior.png,real_match\JD08231_vs_JD07740_interior.png
JD08298 and JD11285,1,JD08298 and JD11285_exterior.png,JD08298 and JD11285_interior.png,real_match\JD08298 and JD11285_exterior.png,real_match\JD08298 and JD11285_interior.png
JD08316_vs_JD08562_sample2,1,JD08316_vs_JD08562_sample2_exterior.png,JD08316_vs_JD08562_sample2_interior.png,real_match\JD08316_vs_JD08562_sample2_exterior.png,real_match\JD08316_vs_JD08562_sample2_interior.png
JD08598_vs_JD12060,1,JD08598_vs_JD12060_exterior.png,JD08598_vs_JD12060_interior.png,real_match\JD08598_vs_JD12060_exterior.png,real_match\JD08598_vs_JD12060_interior.png
JD08604_vs_JD09237_sample1,1,JD08604_vs_JD09237_sample1_exterior.png,JD08604_vs_JD09237_sample1_interior.png,real_match\JD08604_vs_JD09237_sample1_exterior.png,real_match\JD08604_vs_JD09237_sample1_interior.png
JD08622_vs_JD11180_sample0,1,JD08622_vs_JD11180_sample0_exterior.png,JD08622_vs_JD11180_sample0_interior.png,real_match\JD08622_vs_JD11180_sample0_exterior.png,real_match\JD08622_vs_JD11180_sample0_interior.png
JD08699_vs_JD08679_sample4,1,JD08699_vs_JD08679_sample4_exterior.png,JD08699_vs_JD08679_sample4_interior.png,real_match\JD08699_vs_JD08679_sample4_exterior.png,real_match\JD08699_vs_JD08679_sample4_interior.png
JD08708 vs JD14572,1,JD08708 vs JD14572_exterior.png,JD08708 vs JD14572_interior.png,real_match\JD08708 vs JD14572_exterior.png,real_match\JD08708 vs JD14572_interior.png
JD08810_vs_JD09315_sample1,1,JD08810_vs_JD09315_sample1_exterior.png,JD08810_vs_JD09315_sample1_interior.png,real_match\JD08810_vs_JD09315_sample1_exterior.png,real_match\JD08810_vs_JD09315_sample1_interior.png
JD08810_vs_JD12963_sample3,1,JD08810_vs_JD12963_sample3_exterior.png,JD08810_vs_JD12963_sample3_interior.png,real_match\JD08810_vs_JD12963_sample3_exterior.png,real_match\JD08810_vs_JD12963_sample3_interior.png
JD08811_vs_JD00370_sample3,1,JD08811_vs_JD00370_sample3_exterior.png,JD08811_vs_JD00370_sample3_interior.png,real_match\JD08811_vs_JD00370_sample3_exterior.png,real_match\JD08811_vs_JD00370_sample3_interior.png
JD08865_vs_JD08900_sample0,1,JD08865_vs_JD08900_sample0_exterior.png,JD08865_vs_JD08900_sample0_interior.png,real_match\JD08865_vs_JD08900_sample0_exterior.png,real_match\JD08865_vs_JD08900_sample0_interior.png
JD08932_vs_JD08852_sample0,1,JD08932_vs_JD08852_sample0_exterior.png,JD08932_vs_JD08852_sample0_interior.png,real_match\JD08932_vs_JD08852_sample0_exterior.png,real_match\JD08932_vs_JD08852_sample0_interior.png
JD08948_vs_JD10332_sample3,1,JD08948_vs_JD10332_sample3_exterior.png,JD08948_vs_JD10332_sample3_interior.png,real_match\JD08948_vs_JD10332_sample3_exterior.png,real_match\JD08948_vs_JD10332_sample3_interior.png
JD08966_vs_JD08989_sample0,1,JD08966_vs_JD08989_sample0_exterior.png,JD08966_vs_JD08989_sample0_interior.png,real_match\JD08966_vs_JD08989_sample0_exterior.png,real_match\JD08966_vs_JD08989_sample0_interior.png
JD08986_vs_JD10631_sample1,1,JD08986_vs_JD10631_sample1_exterior.png,JD08986_vs_JD10631_sample1_interior.png,real_match\JD08986_vs_JD10631_sample1_exterior.png,real_match\JD08986_vs_JD10631_sample1_interior.png
JD09004_vs_JD10982_sample0,1,JD09004_vs_JD10982_sample0_exterior.png,JD09004_vs_JD10982_sample0_interior.png,real_match\JD09004_vs_JD10982_sample0_exterior.png,real_match\JD09004_vs_JD10982_sample0_interior.png
JD09009_vs_JD03747_sample2,1,JD09009_vs_JD03747_sample2_exterior.png,JD09009_vs_JD03747_sample2_interior.png,real_match\JD09009_vs_JD03747_sample2_exterior.png,real_match\JD09009_vs_JD03747_sample2_interior.png
JD09035_vs_JD13533,1,JD09035_vs_JD13533_exterior.png,JD09035_vs_JD13533_interior.png,real_match\JD09035_vs_JD13533_exterior.png,real_match\JD09035_vs_JD13533_interior.png
JD09038_vs_JD09199,1,JD09038_vs_JD09199_exterior.png,JD09038_vs_JD09199_interior.png,real_match\JD09038_vs_JD09199_exterior.png,real_match\JD09038_vs_JD09199_interior.png
JD09081_vs_JD11397_sample0,1,JD09081_vs_JD11397_sample0_exterior.png,JD09081_vs_JD11397_sample0_interior.png,real_match\JD09081_vs_JD11397_sample0_exterior.png,real_match\JD09081_vs_JD11397_sample0_interior.png
JD09112_vs_JD09155_sample1,1,JD09112_vs_JD09155_sample1_exterior.png,JD09112_vs_JD09155_sample1_interior.png,real_match\JD09112_vs_JD09155_sample1_exterior.png,real_match\JD09112_vs_JD09155_sample1_interior.png
JD09133_vs_JD09494_sample1,1,JD09133_vs_JD09494_sample1_exterior.png,JD09133_vs_JD09494_sample1_interior.png,real_match\JD09133_vs_JD09494_sample1_exterior.png,real_match\JD09133_vs_JD09494_sample1_interior.png
JD09145_vs_JD09198_sample0,1,JD09145_vs_JD09198_sample0_exterior.png,JD09145_vs_JD09198_sample0_interior.png,real_match\JD09145_vs_JD09198_sample0_exterior.png,real_match\JD09145_vs_JD09198_sample0_interior.png
JD09178_vs_JD10295_sample2,1,JD09178_vs_JD10295_sample2_exterior.png,JD09178_vs_JD10295_sample2_interior.png,real_match\JD09178_vs_JD10295_sample2_exterior.png,real_match\JD09178_vs_JD10295_sample2_interior.png
JD09189_vs_JD11171_sample2,1,JD09189_vs_JD11171_sample2_exterior.png,JD09189_vs_JD11171_sample2_interior.png,real_match\JD09189_vs_JD11171_sample2_exterior.png,real_match\JD09189_vs_JD11171_sample2_interior.png
JD09189_vs_JD12205_sample2,1,JD09189_vs_JD12205_sample2_exterior.png,JD09189_vs_JD12205_sample2_interior.png,real_match\JD09189_vs_JD12205_sample2_exterior.png,real_match\JD09189_vs_JD12205_sample2_interior.png
JD09191_vs_JD14150_sample1,1,JD09191_vs_JD14150_sample1_exterior.png,JD09191_vs_JD14150_sample1_interior.png,real_match\JD09191_vs_JD14150_sample1_exterior.png,real_match\JD09191_vs_JD14150_sample1_interior.png
JD09210_vs_JD09260_sample2,1,JD09210_vs_JD09260_sample2_exterior.png,JD09210_vs_JD09260_sample2_interior.png,real_match\JD09210_vs_JD09260_sample2_exterior.png,real_match\JD09210_vs_JD09260_sample2_interior.png
JD09222_vs_JD11420_sample4,1,JD09222_vs_JD11420_sample4_exterior.png,JD09222_vs_JD11420_sample4_interior.png,real_match\JD09222_vs_JD11420_sample4_exterior.png,real_match\JD09222_vs_JD11420_sample4_interior.png
JD09228_vs_JD16513_sample4,1,JD09228_vs_JD16513_sample4_exterior.png,JD09228_vs_JD16513_sample4_interior.png,real_match\JD09228_vs_JD16513_sample4_exterior.png,real_match\JD09228_vs_JD16513_sample4_interior.png
JD09248_vs_JD11382_sample2,1,JD09248_vs_JD11382_sample2_exterior.png,JD09248_vs_JD11382_sample2_interior.png,real_match\JD09248_vs_JD11382_sample2_exterior.png,real_match\JD09248_vs_JD11382_sample2_interior.png
JD09257_vs_JD09191_sample2,1,JD09257_vs_JD09191_sample2_exterior.png,JD09257_vs_JD09191_sample2_interior.png,real_match\JD09257_vs_JD09191_sample2_exterior.png,real_match\JD09257_vs_JD09191_sample2_interior.png
JD09257_vs_JD14150_sample3,1,JD09257_vs_JD14150_sample3_exterior.png,JD09257_vs_JD14150_sample3_interior.png,real_match\JD09257_vs_JD14150_sample3_exterior.png,real_match\JD09257_vs_JD14150_sample3_interior.png
JD09311_vs_JD05759_sample4,1,JD09311_vs_JD05759_sample4_exterior.png,JD09311_vs_JD05759_sample4_interior.png,real_match\JD09311_vs_JD05759_sample4_exterior.png,real_match\JD09311_vs_JD05759_sample4_interior.png
JD09315_vs_JD08810_sample2,1,JD09315_vs_JD08810_sample2_exterior.png,JD09315_vs_JD08810_sample2_interior.png,real_match\JD09315_vs_JD08810_sample2_exterior.png,real_match\JD09315_vs_JD08810_sample2_interior.png
JD09340_vs_JD10126_sample2,1,JD09340_vs_JD10126_sample2_exterior.png,JD09340_vs_JD10126_sample2_interior.png,real_match\JD09340_vs_JD10126_sample2_exterior.png,real_match\JD09340_vs_JD10126_sample2_interior.png
JD09391_vs_JD01690_sample1,1,JD09391_vs_JD01690_sample1_exterior.png,JD09391_vs_JD01690_sample1_interior.png,real_match\JD09391_vs_JD01690_sample1_exterior.png,real_match\JD09391_vs_JD01690_sample1_interior.png
JD09494_vs_JD09567_sample0,1,JD09494_vs_JD09567_sample0_exterior.png,JD09494_vs_JD09567_sample0_interior.png,real_match\JD09494_vs_JD09567_sample0_exterior.png,real_match\JD09494_vs_JD09567_sample0_interior.png
JD09495_vs_JD13652,1,JD09495_vs_JD13652_exterior.png,JD09495_vs_JD13652_interior.png,real_match\JD09495_vs_JD13652_exterior.png,real_match\JD09495_vs_JD13652_interior.png
JD09590_vs_JD10112_sample4,1,JD09590_vs_JD10112_sample4_exterior.png,JD09590_vs_JD10112_sample4_interior.png,real_match\JD09590_vs_JD10112_sample4_exterior.png,real_match\JD09590_vs_JD10112_sample4_interior.png
JD09598_vs_JD05486_sample1,1,JD09598_vs_JD05486_sample1_exterior.png,JD09598_vs_JD05486_sample1_interior.png,real_match\JD09598_vs_JD05486_sample1_exterior.png,real_match\JD09598_vs_JD05486_sample1_interior.png
JD09612_vs_JD16502_sample4,1,JD09612_vs_JD16502_sample4_exterior.png,JD09612_vs_JD16502_sample4_interior.png,real_match\JD09612_vs_JD16502_sample4_exterior.png,real_match\JD09612_vs_JD16502_sample4_interior.png
JD09643_vs_JD14665_sample1,1,JD09643_vs_JD14665_sample1_exterior.png,JD09643_vs_JD14665_sample1_interior.png,real_match\JD09643_vs_JD14665_sample1_exterior.png,real_match\JD09643_vs_JD14665_sample1_interior.png
JD09658_vs_JD16337,1,JD09658_vs_JD16337_exterior.png,JD09658_vs_JD16337_interior.png,real_match\JD09658_vs_JD16337_exterior.png,real_match\JD09658_vs_JD16337_interior.png
JD09705_vs_JD13826_sample1,1,JD09705_vs_JD13826_sample1_exterior.png,JD09705_vs_JD13826_sample1_interior.png,real_match\JD09705_vs_JD13826_sample1_exterior.png,real_match\JD09705_vs_JD13826_sample1_interior.png
JD09744_vs_JD01337_sample1,1,JD09744_vs_JD01337_sample1_exterior.png,JD09744_vs_JD01337_sample1_interior.png,real_match\JD09744_vs_JD01337_sample1_exterior.png,real_match\JD09744_vs_JD01337_sample1_interior.png
JD09781_vs_JD09951,1,JD09781_vs_JD09951_exterior.png,JD09781_vs_JD09951_interior.png,real_match\JD09781_vs_JD09951_exterior.png,real_match\JD09781_vs_JD09951_interior.png
JD09819_vs_JD14560_sample0,1,JD09819_vs_JD14560_sample0_exterior.png,JD09819_vs_JD14560_sample0_interior.png,real_match\JD09819_vs_JD14560_sample0_exterior.png,real_match\JD09819_vs_JD14560_sample0_interior.png
JD10047_vs_JD08840_sample2,1,JD10047_vs_JD08840_sample2_exterior.png,JD10047_vs_JD08840_sample2_interior.png,real_match\JD10047_vs_JD08840_sample2_exterior.png,real_match\JD10047_vs_JD08840_sample2_interior.png
JD10059_vs_JD00475_sample2,1,JD10059_vs_JD00475_sample2_exterior.png,JD10059_vs_JD00475_sample2_interior.png,real_match\JD10059_vs_JD00475_sample2_exterior.png,real_match\JD10059_vs_JD00475_sample2_interior.png
JD10079_vs_JD10131_sample0,1,JD10079_vs_JD10131_sample0_exterior.png,JD10079_vs_JD10131_sample0_interior.png,real_match\JD10079_vs_JD10131_sample0_exterior.png,real_match\JD10079_vs_JD10131_sample0_interior.png
JD10088_vs_JD10173_sample1,1,JD10088_vs_JD10173_sample1_exterior.png,JD10088_vs_JD10173_sample1_interior.png,real_match\JD10088_vs_JD10173_sample1_exterior.png,real_match\JD10088_vs_JD10173_sample1_interior.png
JD10131_vs_JD13814_sample0,1,JD10131_vs_JD13814_sample0_exterior.png,JD10131_vs_JD13814_sample0_interior.png,real_match\JD10131_vs_JD13814_sample0_exterior.png,real_match\JD10131_vs_JD13814_sample0_interior.png
JD10131_vs_JD13861_sample3,1,JD10131_vs_JD13861_sample3_exterior.png,JD10131_vs_JD13861_sample3_interior.png,real_match\JD10131_vs_JD13861_sample3_exterior.png,real_match\JD10131_vs_JD13861_sample3_interior.png
JD10137_vs_JD10386_sample2,1,JD10137_vs_JD10386_sample2_exterior.png,JD10137_vs_JD10386_sample2_interior.png,real_match\JD10137_vs_JD10386_sample2_exterior.png,real_match\JD10137_vs_JD10386_sample2_interior.png
JD10226_vs_JD09000_sample0,1,JD10226_vs_JD09000_sample0_exterior.png,JD10226_vs_JD09000_sample0_interior.png,real_match\JD10226_vs_JD09000_sample0_exterior.png,real_match\JD10226_vs_JD09000_sample0_interior.png
JD10323_vs_JD05738_sample0,1,JD10323_vs_JD05738_sample0_exterior.png,JD10323_vs_JD05738_sample0_interior.png,real_match\JD10323_vs_JD05738_sample0_exterior.png,real_match\JD10323_vs_JD05738_sample0_interior.png
JD10332_vs_JD08948_sample3,1,JD10332_vs_JD08948_sample3_exterior.png,JD10332_vs_JD08948_sample3_interior.png,real_match\JD10332_vs_JD08948_sample3_exterior.png,real_match\JD10332_vs_JD08948_sample3_interior.png
JD10367_vs_JD03613_sample0,1,JD10367_vs_JD03613_sample0_exterior.png,JD10367_vs_JD03613_sample0_interior.png,real_match\JD10367_vs_JD03613_sample0_exterior.png,real_match\JD10367_vs_JD03613_sample0_interior.png
JD10386_vs_JD10137_sample1,1,JD10386_vs_JD10137_sample1_exterior.png,JD10386_vs_JD10137_sample1_interior.png,real_match\JD10386_vs_JD10137_sample1_exterior.png,real_match\JD10386_vs_JD10137_sample1_interior.png
JD10386_vs_JD10601_sample0,1,JD10386_vs_JD10601_sample0_exterior.png,JD10386_vs_JD10601_sample0_interior.png,real_match\JD10386_vs_JD10601_sample0_exterior.png,real_match\JD10386_vs_JD10601_sample0_interior.png
JD10393_vs_JD12968_sample3,1,JD10393_vs_JD12968_sample3_exterior.png,JD10393_vs_JD12968_sample3_interior.png,real_match\JD10393_vs_JD12968_sample3_exterior.png,real_match\JD10393_vs_JD12968_sample3_interior.png
JD10420_vs_JD06918_sample4,1,JD10420_vs_JD06918_sample4_exterior.png,JD10420_vs_JD06918_sample4_interior.png,real_match\JD10420_vs_JD06918_sample4_exterior.png,real_match\JD10420_vs_JD06918_sample4_interior.png
JD10432_vs_JD10518,1,JD10432_vs_JD10518_exterior.png,JD10432_vs_JD10518_interior.png,real_match\JD10432_vs_JD10518_exterior.png,real_match\JD10432_vs_JD10518_interior.png
JD10503_vs_JD02314_sample3,1,JD10503_vs_JD02314_sample3_exterior.png,JD10503_vs_JD02314_sample3_interior.png,real_match\JD10503_vs_JD02314_sample3_exterior.png,real_match\JD10503_vs_JD02314_sample3_interior.png
JD10564_vs_JD02233_sample4,1,JD10564_vs_JD02233_sample4_exterior.png,JD10564_vs_JD02233_sample4_interior.png,real_match\JD10564_vs_JD02233_sample4_exterior.png,real_match\JD10564_vs_JD02233_sample4_interior.png
JD10569_vs_JD15690_sample2,1,JD10569_vs_JD15690_sample2_exterior.png,JD10569_vs_JD15690_sample2_interior.png,real_match\JD10569_vs_JD15690_sample2_exterior.png,real_match\JD10569_vs_JD15690_sample2_interior.png
JD10601_vs_JD05688_sample0,1,JD10601_vs_JD05688_sample0_exterior.png,JD10601_vs_JD05688_sample0_interior.png,real_match\JD10601_vs_JD05688_sample0_exterior.png,real_match\JD10601_vs_JD05688_sample0_interior.png
JD10674_vs_JD10650_sample3,1,JD10674_vs_JD10650_sample3_exterior.png,JD10674_vs_JD10650_sample3_interior.png,real_match\JD10674_vs_JD10650_sample3_exterior.png,real_match\JD10674_vs_JD10650_sample3_interior.png
JD10748_vs_JD12850_sample1,1,JD10748_vs_JD12850_sample1_exterior.png,JD10748_vs_JD12850_sample1_interior.png,real_match\JD10748_vs_JD12850_sample1_exterior.png,real_match\JD10748_vs_JD12850_sample1_interior.png
JD10750_vs_JD11371_sample2,1,JD10750_vs_JD11371_sample2_exterior.png,JD10750_vs_JD11371_sample2_interior.png,real_match\JD10750_vs_JD11371_sample2_exterior.png,real_match\JD10750_vs_JD11371_sample2_interior.png
JD10759_vs_JD11810_sample1,1,JD10759_vs_JD11810_sample1_exterior.png,JD10759_vs_JD11810_sample1_interior.png,real_match\JD10759_vs_JD11810_sample1_exterior.png,real_match\JD10759_vs_JD11810_sample1_interior.png
JD10766_vs_JD00029_sample3,1,JD10766_vs_JD00029_sample3_exterior.png,JD10766_vs_JD00029_sample3_interior.png,real_match\JD10766_vs_JD00029_sample3_exterior.png,real_match\JD10766_vs_JD00029_sample3_interior.png
JD10817_vs_JD10889_sample0,1,JD10817_vs_JD10889_sample0_exterior.png,JD10817_vs_JD10889_sample0_interior.png,real_match\JD10817_vs_JD10889_sample0_exterior.png,real_match\JD10817_vs_JD10889_sample0_interior.png
JD10869_vs_JD07323_sample2,1,JD10869_vs_JD07323_sample2_exterior.png,JD10869_vs_JD07323_sample2_interior.png,real_match\JD10869_vs_JD07323_sample2_exterior.png,real_match\JD10869_vs_JD07323_sample2_interior.png
JD10914_vs_JD09406_sample3,1,JD10914_vs_JD09406_sample3_exterior.png,JD10914_vs_JD09406_sample3_interior.png,real_match\JD10914_vs_JD09406_sample3_exterior.png,real_match\JD10914_vs_JD09406_sample3_interior.png
JD10933_vs_JD14465_sample2,1,JD10933_vs_JD14465_sample2_exterior.png,JD10933_vs_JD14465_sample2_interior.png,real_match\JD10933_vs_JD14465_sample2_exterior.png,real_match\JD10933_vs_JD14465_sample2_interior.png
JD10977_vs_JD04003_sample2,1,JD10977_vs_JD04003_sample2_exterior.png,JD10977_vs_JD04003_sample2_interior.png,real_match\JD10977_vs_JD04003_sample2_exterior.png,real_match\JD10977_vs_JD04003_sample2_interior.png
JD10982_vs_JD09507_sample0,1,JD10982_vs_JD09507_sample0_exterior.png,JD10982_vs_JD09507_sample0_interior.png,real_match\JD10982_vs_JD09507_sample0_exterior.png,real_match\JD10982_vs_JD09507_sample0_interior.png
JD10983_vs_JD10574_sample4,1,JD10983_vs_JD10574_sample4_exterior.png,JD10983_vs_JD10574_sample4_interior.png,real_match\JD10983_vs_JD10574_sample4_exterior.png,real_match\JD10983_vs_JD10574_sample4_interior.png
JD11040_vs_JD08632_sample1,1,JD11040_vs_JD08632_sample1_exterior.png,JD11040_vs_JD08632_sample1_interior.png,real_match\JD11040_vs_JD08632_sample1_exterior.png,real_match\JD11040_vs_JD08632_sample1_interior.png
JD11055_vs_JD06581_sample1,1,JD11055_vs_JD06581_sample1_exterior.png,JD11055_vs_JD06581_sample1_interior.png,real_match\JD11055_vs_JD06581_sample1_exterior.png,real_match\JD11055_vs_JD06581_sample1_interior.png
JD11055_vs_JD11038_sample3,1,JD11055_vs_JD11038_sample3_exterior.png,JD11055_vs_JD11038_sample3_interior.png,real_match\JD11055_vs_JD11038_sample3_exterior.png,real_match\JD11055_vs_JD11038_sample3_interior.png
JD11060_vs_JD05323_sample4,1,JD11060_vs_JD05323_sample4_exterior.png,JD11060_vs_JD05323_sample4_interior.png,real_match\JD11060_vs_JD05323_sample4_exterior.png,real_match\JD11060_vs_JD05323_sample4_interior.png
JD11189_vs_JD13210_sample3,1,JD11189_vs_JD13210_sample3_exterior.png,JD11189_vs_JD13210_sample3_interior.png,real_match\JD11189_vs_JD13210_sample3_exterior.png,real_match\JD11189_vs_JD13210_sample3_interior.png
JD11192  and JD11346,1,JD11192  and JD11346_exterior.png,JD11192  and JD11346_interior.png,real_match\JD11192  and JD11346_exterior.png,real_match\JD11192  and JD11346_interior.png
JD11218_vs_JD15200_sample0,1,JD11218_vs_JD15200_sample0_exterior.png,JD11218_vs_JD15200_sample0_interior.png,real_match\JD11218_vs_JD15200_sample0_exterior.png,real_match\JD11218_vs_JD15200_sample0_interior.png
JD11242_vs_JD12103_sample2,1,JD11242_vs_JD12103_sample2_exterior.png,JD11242_vs_JD12103_sample2_interior.png,real_match\JD11242_vs_JD12103_sample2_exterior.png,real_match\JD11242_vs_JD12103_sample2_interior.png
JD11246_vs_JD08715_sample1,1,JD11246_vs_JD08715_sample1_exterior.png,JD11246_vs_JD08715_sample1_interior.png,real_match\JD11246_vs_JD08715_sample1_exterior.png,real_match\JD11246_vs_JD08715_sample1_interior.png
JD11257_vs_JD12293_sample3,1,JD11257_vs_JD12293_sample3_exterior.png,JD11257_vs_JD12293_sample3_interior.png,real_match\JD11257_vs_JD12293_sample3_exterior.png,real_match\JD11257_vs_JD12293_sample3_interior.png
JD11274_vs_JD11461_sample1,1,JD11274_vs_JD11461_sample1_exterior.png,JD11274_vs_JD11461_sample1_interior.png,real_match\JD11274_vs_JD11461_sample1_exterior.png,real_match\JD11274_vs_JD11461_sample1_interior.png
JD11299_vs_JD12371_sample1,1,JD11299_vs_JD12371_sample1_exterior.png,JD11299_vs_JD12371_sample1_interior.png,real_match\JD11299_vs_JD12371_sample1_exterior.png,real_match\JD11299_vs_JD12371_sample1_interior.png
JD11317_vs_JD11238_sample0,1,JD11317_vs_JD11238_sample0_exterior.png,JD11317_vs_JD11238_sample0_interior.png,real_match\JD11317_vs_JD11238_sample0_exterior.png,real_match\JD11317_vs_JD11238_sample0_interior.png
JD11317_vs_JD12371_sample4,1,JD11317_vs_JD12371_sample4_exterior.png,JD11317_vs_JD12371_sample4_interior.png,real_match\JD11317_vs_JD12371_sample4_exterior.png,real_match\JD11317_vs_JD12371_sample4_interior.png
JD11317_vs_JD14980_sample2,1,JD11317_vs_JD14980_sample2_exterior.png,JD11317_vs_JD14980_sample2_interior.png,real_match\JD11317_vs_JD14980_sample2_exterior.png,real_match\JD11317_vs_JD14980_sample2_interior.png
JD11319_vs_JD12371_sample1,1,JD11319_vs_JD12371_sample1_exterior.png,JD11319_vs_JD12371_sample1_interior.png,real_match\JD11319_vs_JD12371_sample1_exterior.png,real_match\JD11319_vs_JD12371_sample1_interior.png
JD11361_vs_JD06592_sample0,1,JD11361_vs_JD06592_sample0_exterior.png,JD11361_vs_JD06592_sample0_interior.png,real_match\JD11361_vs_JD06592_sample0_exterior.png,real_match\JD11361_vs_JD06592_sample0_interior.png
JD11368_vs_JD11175_sample2,1,JD11368_vs_JD11175_sample2_exterior.png,JD11368_vs_JD11175_sample2_interior.png,real_match\JD11368_vs_JD11175_sample2_exterior.png,real_match\JD11368_vs_JD11175_sample2_interior.png
JD11382_vs_JD14698_sample0,1,JD11382_vs_JD14698_sample0_exterior.png,JD11382_vs_JD14698_sample0_interior.png,real_match\JD11382_vs_JD14698_sample0_exterior.png,real_match\JD11382_vs_JD14698_sample0_interior.png
JD11410_vs_JD15824_sample1,1,JD11410_vs_JD15824_sample1_exterior.png,JD11410_vs_JD15824_sample1_interior.png,real_match\JD11410_vs_JD15824_sample1_exterior.png,real_match\JD11410_vs_JD15824_sample1_interior.png
JD11579_vs_JD11148_sample2,1,JD11579_vs_JD11148_sample2_exterior.png,JD11579_vs_JD11148_sample2_interior.png,real_match\JD11579_vs_JD11148_sample2_exterior.png,real_match\JD11579_vs_JD11148_sample2_interior.png
JD11623_vs_JD06751_sample3,1,JD11623_vs_JD06751_sample3_exterior.png,JD11623_vs_JD06751_sample3_interior.png,real_match\JD11623_vs_JD06751_sample3_exterior.png,real_match\JD11623_vs_JD06751_sample3_interior.png
JD11657 and JD11743,1,JD11657 and JD11743_exterior.png,JD11657 and JD11743_interior.png,real_match\JD11657 and JD11743_exterior.png,real_match\JD11657 and JD11743_interior.png
JD11717_vs_JD12852_sample0,1,JD11717_vs_JD12852_sample0_exterior.png,JD11717_vs_JD12852_sample0_interior.png,real_match\JD11717_vs_JD12852_sample0_exterior.png,real_match\JD11717_vs_JD12852_sample0_interior.png
JD11765_vs_JD12929,1,JD11765_vs_JD12929_exterior.png,JD11765_vs_JD12929_interior.png,real_match\JD11765_vs_JD12929_exterior.png,real_match\JD11765_vs_JD12929_interior.png
JD11870_vs_JD15840_sample2,1,JD11870_vs_JD15840_sample2_exterior.png,JD11870_vs_JD15840_sample2_interior.png,real_match\JD11870_vs_JD15840_sample2_exterior.png,real_match\JD11870_vs_JD15840_sample2_interior.png
JD11986_vs_JD14858_sample0,1,JD11986_vs_JD14858_sample0_exterior.png,JD11986_vs_JD14858_sample0_interior.png,real_match\JD11986_vs_JD14858_sample0_exterior.png,real_match\JD11986_vs_JD14858_sample0_interior.png
JD12014_vs_JD05371_sample0,1,JD12014_vs_JD05371_sample0_exterior.png,JD12014_vs_JD05371_sample0_interior.png,real_match\JD12014_vs_JD05371_sample0_exterior.png,real_match\JD12014_vs_JD05371_sample0_interior.png
JD12171_vs_JD11808_sample4,1,JD12171_vs_JD11808_sample4_exterior.png,JD12171_vs_JD11808_sample4_interior.png,real_match\JD12171_vs_JD11808_sample4_exterior.png,real_match\JD12171_vs_JD11808_sample4_interior.png
JD12223_vs_JD03198_sample4,1,JD12223_vs_JD03198_sample4_exterior.png,JD12223_vs_JD03198_sample4_interior.png,real_match\JD12223_vs_JD03198_sample4_exterior.png,real_match\JD12223_vs_JD03198_sample4_interior.png
JD12225 and JD13078,1,JD12225 and JD13078_exterior.png,JD12225 and JD13078_interior.png,real_match\JD12225 and JD13078_exterior.png,real_match\JD12225 and JD13078_interior.png
JD12252_vs_JD02534_sample3,1,JD12252_vs_JD02534_sample3_exterior.png,JD12252_vs_JD02534_sample3_interior.png,real_match\JD12252_vs_JD02534_sample3_exterior.png,real_match\JD12252_vs_JD02534_sample3_interior.png
JD12280_vs_JD07391_sample4,1,JD12280_vs_JD07391_sample4_exterior.png,JD12280_vs_JD07391_sample4_interior.png,real_match\JD12280_vs_JD07391_sample4_exterior.png,real_match\JD12280_vs_JD07391_sample4_interior.png
JD12319_vs_JD12971_sample2,1,JD12319_vs_JD12971_sample2_exterior.png,JD12319_vs_JD12971_sample2_interior.png,real_match\JD12319_vs_JD12971_sample2_exterior.png,real_match\JD12319_vs_JD12971_sample2_interior.png
JD12371_vs_JD11189_sample1,1,JD12371_vs_JD11189_sample1_exterior.png,JD12371_vs_JD11189_sample1_interior.png,real_match\JD12371_vs_JD11189_sample1_exterior.png,real_match\JD12371_vs_JD11189_sample1_interior.png
JD12371_vs_JD11319_sample0,1,JD12371_vs_JD11319_sample0_exterior.png,JD12371_vs_JD11319_sample0_interior.png,real_match\JD12371_vs_JD11319_sample0_exterior.png,real_match\JD12371_vs_JD11319_sample0_interior.png
JD12425_vs_JD14560,1,JD12425_vs_JD14560_exterior.png,JD12425_vs_JD14560_interior.png,real_match\JD12425_vs_JD14560_exterior.png,real_match\JD12425_vs_JD14560_interior.png
JD12437_vs_JD13450_sample4,1,JD12437_vs_JD13450_sample4_exterior.png,JD12437_vs_JD13450_sample4_interior.png,real_match\JD12437_vs_JD13450_sample4_exterior.png,real_match\JD12437_vs_JD13450_sample4_interior.png
JD12439_vs_JD04509_sample3,1,JD12439_vs_JD04509_sample3_exterior.png,JD12439_vs_JD04509_sample3_interior.png,real_match\JD12439_vs_JD04509_sample3_exterior.png,real_match\JD12439_vs_JD04509_sample3_interior.png
JD12458_vs_JD12130_sample4,1,JD12458_vs_JD12130_sample4_exterior.png,JD12458_vs_JD12130_sample4_interior.png,real_match\JD12458_vs_JD12130_sample4_exterior.png,real_match\JD12458_vs_JD12130_sample4_interior.png
JD12493_vs_JD15564,1,JD12493_vs_JD15564_exterior.png,JD12493_vs_JD15564_interior.png,real_match\JD12493_vs_JD15564_exterior.png,real_match\JD12493_vs_JD15564_interior.png
JD12500_vs_JD14493_sample1,1,JD12500_vs_JD14493_sample1_exterior.png,JD12500_vs_JD14493_sample1_interior.png,real_match\JD12500_vs_JD14493_sample1_exterior.png,real_match\JD12500_vs_JD14493_sample1_interior.png
JD12503_vs_JD15354_sample3,1,JD12503_vs_JD15354_sample3_exterior.png,JD12503_vs_JD15354_sample3_interior.png,real_match\JD12503_vs_JD15354_sample3_exterior.png,real_match\JD12503_vs_JD15354_sample3_interior.png
JD12510_vs_JD15108_sample1,1,JD12510_vs_JD15108_sample1_exterior.png,JD12510_vs_JD15108_sample1_interior.png,real_match\JD12510_vs_JD15108_sample1_exterior.png,real_match\JD12510_vs_JD15108_sample1_interior.png
JD12578_vs_JD10481_sample2,1,JD12578_vs_JD10481_sample2_exterior.png,JD12578_vs_JD10481_sample2_interior.png,real_match\JD12578_vs_JD10481_sample2_exterior.png,real_match\JD12578_vs_JD10481_sample2_interior.png
JD12578_vs_JD11238_sample0,1,JD12578_vs_JD11238_sample0_exterior.png,JD12578_vs_JD11238_sample0_interior.png,real_match\JD12578_vs_JD11238_sample0_exterior.png,real_match\JD12578_vs_JD11238_sample0_interior.png
JD12619_vs_JD12302_sample2,1,JD12619_vs_JD12302_sample2_exterior.png,JD12619_vs_JD12302_sample2_interior.png,real_match\JD12619_vs_JD12302_sample2_exterior.png,real_match\JD12619_vs_JD12302_sample2_interior.png
JD12685_vs_JD11524_sample3,1,JD12685_vs_JD11524_sample3_exterior.png,JD12685_vs_JD11524_sample3_interior.png,real_match\JD12685_vs_JD11524_sample3_exterior.png,real_match\JD12685_vs_JD11524_sample3_interior.png
JD12692_vs_JD11757_sample1,1,JD12692_vs_JD11757_sample1_exterior.png,JD12692_vs_JD11757_sample1_interior.png,real_match\JD12692_vs_JD11757_sample1_exterior.png,real_match\JD12692_vs_JD11757_sample1_interior.png
JD12852_vs_JD11717_sample4,1,JD12852_vs_JD11717_sample4_exterior.png,JD12852_vs_JD11717_sample4_interior.png,real_match\JD12852_vs_JD11717_sample4_exterior.png,real_match\JD12852_vs_JD11717_sample4_interior.png
JD12893_vs_JD12941_sample0,1,JD12893_vs_JD12941_sample0_exterior.png,JD12893_vs_JD12941_sample0_interior.png,real_match\JD12893_vs_JD12941_sample0_exterior.png,real_match\JD12893_vs_JD12941_sample0_interior.png
JD12904_vs_JD12625_sample2,1,JD12904_vs_JD12625_sample2_exterior.png,JD12904_vs_JD12625_sample2_interior.png,real_match\JD12904_vs_JD12625_sample2_exterior.png,real_match\JD12904_vs_JD12625_sample2_interior.png
JD13024_vs_JD11372_sample3,1,JD13024_vs_JD11372_sample3_exterior.png,JD13024_vs_JD11372_sample3_interior.png,real_match\JD13024_vs_JD11372_sample3_exterior.png,real_match\JD13024_vs_JD11372_sample3_interior.png
JD13114_vs_JD12852_sample0,1,JD13114_vs_JD12852_sample0_exterior.png,JD13114_vs_JD12852_sample0_interior.png,real_match\JD13114_vs_JD12852_sample0_exterior.png,real_match\JD13114_vs_JD12852_sample0_interior.png
JD13120_vs_JD07631_sample1,1,JD13120_vs_JD07631_sample1_exterior.png,JD13120_vs_JD07631_sample1_interior.png,real_match\JD13120_vs_JD07631_sample1_exterior.png,real_match\JD13120_vs_JD07631_sample1_interior.png
JD13172_vs_JD13196_sample4,1,JD13172_vs_JD13196_sample4_exterior.png,JD13172_vs_JD13196_sample4_interior.png,real_match\JD13172_vs_JD13196_sample4_exterior.png,real_match\JD13172_vs_JD13196_sample4_interior.png
JD13209_vs_JD07583_sample4,1,JD13209_vs_JD07583_sample4_exterior.png,JD13209_vs_JD07583_sample4_interior.png,real_match\JD13209_vs_JD07583_sample4_exterior.png,real_match\JD13209_vs_JD07583_sample4_interior.png
JD13216_vs_JD07053_sample2,1,JD13216_vs_JD07053_sample2_exterior.png,JD13216_vs_JD07053_sample2_interior.png,real_match\JD13216_vs_JD07053_sample2_exterior.png,real_match\JD13216_vs_JD07053_sample2_interior.png
JD13216_vs_JD07158_sample2,1,JD13216_vs_JD07158_sample2_exterior.png,JD13216_vs_JD07158_sample2_interior.png,real_match\JD13216_vs_JD07158_sample2_exterior.png,real_match\JD13216_vs_JD07158_sample2_interior.png
JD13292_vs_JD14173,1,JD13292_vs_JD14173_exterior.png,JD13292_vs_JD14173_interior.png,real_match\JD13292_vs_JD14173_exterior.png,real_match\JD13292_vs_JD14173_interior.png
JD13316_vs_JD13328,1,JD13316_vs_JD13328_exterior.png,JD13316_vs_JD13328_interior.png,real_match\JD13316_vs_JD13328_exterior.png,real_match\JD13316_vs_JD13328_interior.png
JD13355_vs_JD06824_sample4,1,JD13355_vs_JD06824_sample4_exterior.png,JD13355_vs_JD06824_sample4_interior.png,real_match\JD13355_vs_JD06824_sample4_exterior.png,real_match\JD13355_vs_JD06824_sample4_interior.png
JD13383_vs_JD09007_sample0,1,JD13383_vs_JD09007_sample0_exterior.png,JD13383_vs_JD09007_sample0_interior.png,real_match\JD13383_vs_JD09007_sample0_exterior.png,real_match\JD13383_vs_JD09007_sample0_interior.png
JD13412 and JD13413 and JD13515,1,JD13412 and JD13413 and JD13515_exterior.png,JD13412 and JD13413 and JD13515_interior.png,real_match\JD13412 and JD13413 and JD13515_exterior.png,real_match\JD13412 and JD13413 and JD13515_interior.png
JD13487_vs_JD16470_sample3,1,JD13487_vs_JD16470_sample3_exterior.png,JD13487_vs_JD16470_sample3_interior.png,real_match\JD13487_vs_JD16470_sample3_exterior.png,real_match\JD13487_vs_JD16470_sample3_interior.png
JD13526_vs_JD15732_sample4,1,JD13526_vs_JD15732_sample4_exterior.png,JD13526_vs_JD15732_sample4_interior.png,real_match\JD13526_vs_JD15732_sample4_exterior.png,real_match\JD13526_vs_JD15732_sample4_interior.png
JD13607 and  JD13629,1,JD13607 and  JD13629_exterior.png,JD13607 and  JD13629_interior.png,real_match\JD13607 and  JD13629_exterior.png,real_match\JD13607 and  JD13629_interior.png
JD13607_vs_JD13629_sample0,1,JD13607_vs_JD13629_sample0_exterior.png,JD13607_vs_JD13629_sample0_interior.png,real_match\JD13607_vs_JD13629_sample0_exterior.png,real_match\JD13607_vs_JD13629_sample0_interior.png
JD13633_vs_JD05447_sample3,1,JD13633_vs_JD05447_sample3_exterior.png,JD13633_vs_JD05447_sample3_interior.png,real_match\JD13633_vs_JD05447_sample3_exterior.png,real_match\JD13633_vs_JD05447_sample3_interior.png
JD13653_vs_JD09264_sample1,1,JD13653_vs_JD09264_sample1_exterior.png,JD13653_vs_JD09264_sample1_interior.png,real_match\JD13653_vs_JD09264_sample1_exterior.png,real_match\JD13653_vs_JD09264_sample1_interior.png
JD13707_vs_JD12510_sample2,1,JD13707_vs_JD12510_sample2_exterior.png,JD13707_vs_JD12510_sample2_interior.png,real_match\JD13707_vs_JD12510_sample2_exterior.png,real_match\JD13707_vs_JD12510_sample2_interior.png
JD13730_vs_JD14802,1,JD13730_vs_JD14802_exterior.png,JD13730_vs_JD14802_interior.png,real_match\JD13730_vs_JD14802_exterior.png,real_match\JD13730_vs_JD14802_interior.png
JD13746_vs_JD13917_sample0,1,JD13746_vs_JD13917_sample0_exterior.png,JD13746_vs_JD13917_sample0_interior.png,real_match\JD13746_vs_JD13917_sample0_exterior.png,real_match\JD13746_vs_JD13917_sample0_interior.png
JD13845_vs_JD03388_sample1,1,JD13845_vs_JD03388_sample1_exterior.png,JD13845_vs_JD03388_sample1_interior.png,real_match\JD13845_vs_JD03388_sample1_exterior.png,real_match\JD13845_vs_JD03388_sample1_interior.png
JD13862_vs_JD05367_sample0,1,JD13862_vs_JD05367_sample0_exterior.png,JD13862_vs_JD05367_sample0_interior.png,real_match\JD13862_vs_JD05367_sample0_exterior.png,real_match\JD13862_vs_JD05367_sample0_interior.png
JD13929_vs_JD14396,1,JD13929_vs_JD14396_exterior.png,JD13929_vs_JD14396_interior.png,real_match\JD13929_vs_JD14396_exterior.png,real_match\JD13929_vs_JD14396_interior.png
JD14021_vs_JD14166_sample4,1,JD14021_vs_JD14166_sample4_exterior.png,JD14021_vs_JD14166_sample4_interior.png,real_match\JD14021_vs_JD14166_sample4_exterior.png,real_match\JD14021_vs_JD14166_sample4_interior.png
JD14037_vs_JD09781_sample3,1,JD14037_vs_JD09781_sample3_exterior.png,JD14037_vs_JD09781_sample3_interior.png,real_match\JD14037_vs_JD09781_sample3_exterior.png,real_match\JD14037_vs_JD09781_sample3_interior.png
JD14037_vs_JD09951_sample3,1,JD14037_vs_JD09951_sample3_exterior.png,JD14037_vs_JD09951_sample3_interior.png,real_match\JD14037_vs_JD09951_sample3_exterior.png,real_match\JD14037_vs_JD09951_sample3_interior.png
JD14129_vs_JD12423_sample0,1,JD14129_vs_JD12423_sample0_exterior.png,JD14129_vs_JD12423_sample0_interior.png,real_match\JD14129_vs_JD12423_sample0_exterior.png,real_match\JD14129_vs_JD12423_sample0_interior.png
JD14166_vs_JD14257_sample0,1,JD14166_vs_JD14257_sample0_exterior.png,JD14166_vs_JD14257_sample0_interior.png,real_match\JD14166_vs_JD14257_sample0_exterior.png,real_match\JD14166_vs_JD14257_sample0_interior.png
JD14189_vs_JD11132_sample2,1,JD14189_vs_JD11132_sample2_exterior.png,JD14189_vs_JD11132_sample2_interior.png,real_match\JD14189_vs_JD11132_sample2_exterior.png,real_match\JD14189_vs_JD11132_sample2_interior.png
JD14239_vs_JD14246,1,JD14239_vs_JD14246_exterior.png,JD14239_vs_JD14246_interior.png,real_match\JD14239_vs_JD14246_exterior.png,real_match\JD14239_vs_JD14246_interior.png
JD14289_vs_JD04064_sample2,1,JD14289_vs_JD04064_sample2_exterior.png,JD14289_vs_JD04064_sample2_interior.png,real_match\JD14289_vs_JD04064_sample2_exterior.png,real_match\JD14289_vs_JD04064_sample2_interior.png
JD14402_vs_JD16501,1,JD14402_vs_JD16501_exterior.png,JD14402_vs_JD16501_interior.png,real_match\JD14402_vs_JD16501_exterior.png,real_match\JD14402_vs_JD16501_interior.png
JD14531_vs_JD03248_sample4,1,JD14531_vs_JD03248_sample4_exterior.png,JD14531_vs_JD03248_sample4_interior.png,real_match\JD14531_vs_JD03248_sample4_exterior.png,real_match\JD14531_vs_JD03248_sample4_interior.png
JD14531_vs_JD03291_sample2,1,JD14531_vs_JD03291_sample2_exterior.png,JD14531_vs_JD03291_sample2_interior.png,real_match\JD14531_vs_JD03291_sample2_exterior.png,real_match\JD14531_vs_JD03291_sample2_interior.png
JD14531_vs_JD06564_sample4,1,JD14531_vs_JD06564_sample4_exterior.png,JD14531_vs_JD06564_sample4_interior.png,real_match\JD14531_vs_JD06564_sample4_exterior.png,real_match\JD14531_vs_JD06564_sample4_interior.png
JD14592_vs_JD14783_sample2,1,JD14592_vs_JD14783_sample2_exterior.png,JD14592_vs_JD14783_sample2_interior.png,real_match\JD14592_vs_JD14783_sample2_exterior.png,real_match\JD14592_vs_JD14783_sample2_interior.png
JD14626_vs_JD15108_sample0,1,JD14626_vs_JD15108_sample0_exterior.png,JD14626_vs_JD15108_sample0_interior.png,real_match\JD14626_vs_JD15108_sample0_exterior.png,real_match\JD14626_vs_JD15108_sample0_interior.png
JD14783_vs_JD03888_sample2,1,JD14783_vs_JD03888_sample2_exterior.png,JD14783_vs_JD03888_sample2_interior.png,real_match\JD14783_vs_JD03888_sample2_exterior.png,real_match\JD14783_vs_JD03888_sample2_interior.png
JD14783_vs_JD14592_sample0,1,JD14783_vs_JD14592_sample0_exterior.png,JD14783_vs_JD14592_sample0_interior.png,real_match\JD14783_vs_JD14592_sample0_exterior.png,real_match\JD14783_vs_JD14592_sample0_interior.png
JD14791_vs_JD14919,1,JD14791_vs_JD14919_exterior.png,JD14791_vs_JD14919_interior.png,real_match\JD14791_vs_JD14919_exterior.png,real_match\JD14791_vs_JD14919_interior.png
JD14845_vs_JD15487,1,JD14845_vs_JD15487_exterior.png,JD14845_vs_JD15487_interior.png,real_match\JD14845_vs_JD15487_exterior.png,real_match\JD14845_vs_JD15487_interior.png
JD14845_vs_JD15487_sample3,1,JD14845_vs_JD15487_sample3_exterior.png,JD14845_vs_JD15487_sample3_interior.png,real_match\JD14845_vs_JD15487_sample3_exterior.png,real_match\JD14845_vs_JD15487_sample3_interior.png
JD14876_vs_JD15231,1,JD14876_vs_JD15231_exterior.png,JD14876_vs_JD15231_interior.png,real_match\JD14876_vs_JD15231_exterior.png,real_match\JD14876_vs_JD15231_interior.png
JD15137_vs_JD15150_sample3,1,JD15137_vs_JD15150_sample3_exterior.png,JD15137_vs_JD15150_sample3_interior.png,real_match\JD15137_vs_JD15150_sample3_exterior.png,real_match\JD15137_vs_JD15150_sample3_interior.png
JD15137_vs_JD15157_sample4,1,JD15137_vs_JD15157_sample4_exterior.png,JD15137_vs_JD15157_sample4_interior.png,real_match\JD15137_vs_JD15157_sample4_exterior.png,real_match\JD15137_vs_JD15157_sample4_interior.png
JD15149_vs_JD08455_sample4,1,JD15149_vs_JD08455_sample4_exterior.png,JD15149_vs_JD08455_sample4_interior.png,real_match\JD15149_vs_JD08455_sample4_exterior.png,real_match\JD15149_vs_JD08455_sample4_interior.png
JD15319_vs_JD15318_sample1,1,JD15319_vs_JD15318_sample1_exterior.png,JD15319_vs_JD15318_sample1_interior.png,real_match\JD15319_vs_JD15318_sample1_exterior.png,real_match\JD15319_vs_JD15318_sample1_interior.png
JD15402_vs_JD14232_sample3,1,JD15402_vs_JD14232_sample3_exterior.png,JD15402_vs_JD14232_sample3_interior.png,real_match\JD15402_vs_JD14232_sample3_exterior.png,real_match\JD15402_vs_JD14232_sample3_interior.png
JD15416_vs_JD15278_sample4,1,JD15416_vs_JD15278_sample4_exterior.png,JD15416_vs_JD15278_sample4_interior.png,real_match\JD15416_vs_JD15278_sample4_exterior.png,real_match\JD15416_vs_JD15278_sample4_interior.png
JD15427_vs_JD13400_sample1,1,JD15427_vs_JD13400_sample1_exterior.png,JD15427_vs_JD13400_sample1_interior.png,real_match\JD15427_vs_JD13400_sample1_exterior.png,real_match\JD15427_vs_JD13400_sample1_interior.png
JD15444_vs_JD00090_sample0,1,JD15444_vs_JD00090_sample0_exterior.png,JD15444_vs_JD00090_sample0_interior.png,real_match\JD15444_vs_JD00090_sample0_exterior.png,real_match\JD15444_vs_JD00090_sample0_interior.png
JD15526_vs_JD12191_sample1,1,JD15526_vs_JD12191_sample1_exterior.png,JD15526_vs_JD12191_sample1_interior.png,real_match\JD15526_vs_JD12191_sample1_exterior.png,real_match\JD15526_vs_JD12191_sample1_interior.png
JD15588_vs_JD11722_sample3,1,JD15588_vs_JD11722_sample3_exterior.png,JD15588_vs_JD11722_sample3_interior.png,real_match\JD15588_vs_JD11722_sample3_exterior.png,real_match\JD15588_vs_JD11722_sample3_interior.png
JD15589_vs_JD12978_sample1,1,JD15589_vs_JD12978_sample1_exterior.png,JD15589_vs_JD12978_sample1_interior.png,real_match\JD15589_vs_JD12978_sample1_exterior.png,real_match\JD15589_vs_JD12978_sample1_interior.png
JD15755_vs_JD04983_sample1,1,JD15755_vs_JD04983_sample1_exterior.png,JD15755_vs_JD04983_sample1_interior.png,real_match\JD15755_vs_JD04983_sample1_exterior.png,real_match\JD15755_vs_JD04983_sample1_interior.png
JD15764_vs_JD07995_sample4,1,JD15764_vs_JD07995_sample4_exterior.png,JD15764_vs_JD07995_sample4_interior.png,real_match\JD15764_vs_JD07995_sample4_exterior.png,real_match\JD15764_vs_JD07995_sample4_interior.png
JD16027_vs_JD16102_sample1,1,JD16027_vs_JD16102_sample1_exterior.png,JD16027_vs_JD16102_sample1_interior.png,real_match\JD16027_vs_JD16102_sample1_exterior.png,real_match\JD16027_vs_JD16102_sample1_interior.png
JD16187_vs_JD02685_sample1,1,JD16187_vs_JD02685_sample1_exterior.png,JD16187_vs_JD02685_sample1_interior.png,real_match\JD16187_vs_JD02685_sample1_exterior.png,real_match\JD16187_vs_JD02685_sample1_interior.png
JD16327_vs_JD16406,1,JD16327_vs_JD16406_exterior.png,JD16327_vs_JD16406_interior.png,real_match\JD16327_vs_JD16406_exterior.png,real_match\JD16327_vs_JD16406_interior.png
JD16327_vs_JD16406_sample2,1,JD16327_vs_JD16406_sample2_exterior.png,JD16327_vs_JD16406_sample2_interior.png,real_match\JD16327_vs_JD16406_sample2_exterior.png,real_match\JD16327_vs_JD16406_sample2_interior.png
JD16379_vs_JD11372_sample1,1,JD16379_vs_JD11372_sample1_exterior.png,JD16379_vs_JD11372_sample1_interior.png,real_match\JD16379_vs_JD11372_sample1_exterior.png,real_match\JD16379_vs_JD11372_sample1_interior.png
JD16403_vs_JD06242_sample3,1,JD16403_vs_JD06242_sample3_exterior.png,JD16403_vs_JD06242_sample3_interior.png,real_match\JD16403_vs_JD06242_sample3_exterior.png,real_match\JD16403_vs_JD06242_sample3_interior.png
JD16452_vs_JD05371_sample0,1,JD16452_vs_JD05371_sample0_exterior.png,JD16452_vs_JD05371_sample0_interior.png,real_match\JD16452_vs_JD05371_sample0_exterior.png,real_match\JD16452_vs_JD05371_sample0_interior.png
JD16561_vs_JD16521_sample4,1,JD16561_vs_JD16521_sample4_exterior.png,JD16561_vs_JD16521_sample4_interior.png,real_match\JD16561_vs_JD16521_sample4_exterior.png,real_match\JD16561_vs_JD16521_sample4_interior.png
JD16577_vs_JD13664_sample0,1,JD16577_vs_JD13664_sample0_exterior.png,JD16577_vs_JD13664_sample0_interior.png,real_match\JD16577_vs_JD13664_sample0_exterior.png,real_match\JD16577_vs_JD13664_sample0_interior.png
JD16577_vs_JD13664_sample3,1,JD16577_vs_JD13664_sample3_exterior.png,JD16577_vs_JD13664_sample3_interior.png,real_match\JD16577_vs_JD13664_sample3_exterior.png,real_match\JD16577_vs_JD13664_sample3_interior.png
JD16694_vs_JD17035,1,JD16694_vs_JD17035_exterior.png,JD16694_vs_JD17035_interior.png,real_match\JD16694_vs_JD17035_exterior.png,real_match\JD16694_vs_JD17035_interior.png
JD16713 and JD17174,1,JD16713 and JD17174_exterior.png,JD16713 and JD17174_interior.png,real_match\JD16713 and JD17174_exterior.png,real_match\JD16713 and JD17174_interior.png
JD16713_vs_JD17174_sample2,1,JD16713_vs_JD17174_sample2_exterior.png,JD16713_vs_JD17174_sample2_interior.png,real_match\JD16713_vs_JD17174_sample2_exterior.png,real_match\JD16713_vs_JD17174_sample2_interior.png
JD16737_vs_JD17523_sample2,1,JD16737_vs_JD17523_sample2_exterior.png,JD16737_vs_JD17523_sample2_interior.png,real_match\JD16737_vs_JD17523_sample2_exterior.png,real_match\JD16737_vs_JD17523_sample2_interior.png
JD16870_vs_JD17104,1,JD16870_vs_JD17104_exterior.png,JD16870_vs_JD17104_interior.png,real_match\JD16870_vs_JD17104_exterior.png,real_match\JD16870_vs_JD17104_interior.png
JD16894_vs_JD17014,1,JD16894_vs_JD17014_exterior.png,JD16894_vs_JD17014_interior.png,real_match\JD16894_vs_JD17014_exterior.png,real_match\JD16894_vs_JD17014_interior.png
JD16894_vs_JD17014_sample0,1,JD16894_vs_JD17014_sample0_exterior.png,JD16894_vs_JD17014_sample0_interior.png,real_match\JD16894_vs_JD17014_sample0_exterior.png,real_match\JD16894_vs_JD17014_sample0_interior.png
JD17018_vs_JD12978_sample3,1,JD17018_vs_JD12978_sample3_exterior.png,JD17018_vs_JD12978_sample3_interior.png,real_match\JD17018_vs_JD12978_sample3_exterior.png,real_match\JD17018_vs_JD12978_sample3_interior.png
JD17622_vs_JD13116_sample4,1,JD17622_vs_JD13116_sample4_exterior.png,JD17622_vs_JD13116_sample4_interior.png,real_match\JD17622_vs_JD13116_sample4_exterior.png,real_match\JD17622_vs_JD13116_sample4_interior.png
JDX-100_vs_JDX-97_sample18,1,JDX-100_vs_JDX-97_sample18_exterior.png,JDX-100_vs_JDX-97_sample18_interior.png,real_match\JDX-100_vs_JDX-97_sample18_exterior.png,real_match\JDX-100_vs_JDX-97_sample18_interior.png
JDX-100_vs_JDX-98_sample8,1,JDX-100_vs_JDX-98_sample8_exterior.png,JDX-100_vs_JDX-98_sample8_interior.png,real_match\JDX-100_vs_JDX-98_sample8_exterior.png,real_match\JDX-100_vs_JDX-98_sample8_interior.png
JDX-103_vs_JDX-106_sample21,1,JDX-103_vs_JDX-106_sample21_exterior.png,JDX-103_vs_JDX-106_sample21_interior.png,real_match\JDX-103_vs_JDX-106_sample21_exterior.png,real_match\JDX-103_vs_JDX-106_sample21_interior.png
JDX-104_vs_JDX-106_sample14,1,JDX-104_vs_JDX-106_sample14_exterior.png,JDX-104_vs_JDX-106_sample14_interior.png,real_match\JDX-104_vs_JDX-106_sample14_exterior.png,real_match\JDX-104_vs_JDX-106_sample14_interior.png
JDX-106_vs_JDX-108_sample4,1,JDX-106_vs_JDX-108_sample4_exterior.png,JDX-106_vs_JDX-108_sample4_interior.png,real_match\JDX-106_vs_JDX-108_sample4_exterior.png,real_match\JDX-106_vs_JDX-108_sample4_interior.png
JDX-109_vs_JDX-110_sample2,1,JDX-109_vs_JDX-110_sample2_exterior.png,JDX-109_vs_JDX-110_sample2_interior.png,real_match\JDX-109_vs_JDX-110_sample2_exterior.png,real_match\JDX-109_vs_JDX-110_sample2_interior.png
JDX-10_vs_JDX-11_sample3,1,JDX-10_vs_JDX-11_sample3_exterior.png,JDX-10_vs_JDX-11_sample3_interior.png,real_match\JDX-10_vs_JDX-11_sample3_exterior.png,real_match\JDX-10_vs_JDX-11_sample3_interior.png
JDX-10_vs_JDX-15_sample22,1,JDX-10_vs_JDX-15_sample22_exterior.png,JDX-10_vs_JDX-15_sample22_interior.png,real_match\JDX-10_vs_JDX-15_sample22_exterior.png,real_match\JDX-10_vs_JDX-15_sample22_interior.png
JDX-110_vs_JDX-111_sample15,1,JDX-110_vs_JDX-111_sample15_exterior.png,JDX-110_vs_JDX-111_sample15_interior.png,real_match\JDX-110_vs_JDX-111_sample15_exterior.png,real_match\JDX-110_vs_JDX-111_sample15_interior.png
JDX-112_vs_JDX-113_sample2,1,JDX-112_vs_JDX-113_sample2_exterior.png,JDX-112_vs_JDX-113_sample2_interior.png,real_match\JDX-112_vs_JDX-113_sample2_exterior.png,real_match\JDX-112_vs_JDX-113_sample2_interior.png
JDX-114_vs_JDX-115_sample20,1,JDX-114_vs_JDX-115_sample20_exterior.png,JDX-114_vs_JDX-115_sample20_interior.png,real_match\JDX-114_vs_JDX-115_sample20_exterior.png,real_match\JDX-114_vs_JDX-115_sample20_interior.png
JDX-114_vs_JDX-116_sample12,1,JDX-114_vs_JDX-116_sample12_exterior.png,JDX-114_vs_JDX-116_sample12_interior.png,real_match\JDX-114_vs_JDX-116_sample12_exterior.png,real_match\JDX-114_vs_JDX-116_sample12_interior.png
JDX-119_vs_JDX-120_sample18,1,JDX-119_vs_JDX-120_sample18_exterior.png,JDX-119_vs_JDX-120_sample18_interior.png,real_match\JDX-119_vs_JDX-120_sample18_exterior.png,real_match\JDX-119_vs_JDX-120_sample18_interior.png
JDX-121_vs_JDX-122_sample22,1,JDX-121_vs_JDX-122_sample22_exterior.png,JDX-121_vs_JDX-122_sample22_interior.png,real_match\JDX-121_vs_JDX-122_sample22_exterior.png,real_match\JDX-121_vs_JDX-122_sample22_interior.png
JDX-123_vs_JDX-127_sample11,1,JDX-123_vs_JDX-127_sample11_exterior.png,JDX-123_vs_JDX-127_sample11_interior.png,real_match\JDX-123_vs_JDX-127_sample11_exterior.png,real_match\JDX-123_vs_JDX-127_sample11_interior.png
JDX-124_vs_JDX-125_sample21,1,JDX-124_vs_JDX-125_sample21_exterior.png,JDX-124_vs_JDX-125_sample21_interior.png,real_match\JDX-124_vs_JDX-125_sample21_exterior.png,real_match\JDX-124_vs_JDX-125_sample21_interior.png
JDX-124_vs_JDX-126_sample13,1,JDX-124_vs_JDX-126_sample13_exterior.png,JDX-124_vs_JDX-126_sample13_interior.png,real_match\JDX-124_vs_JDX-126_sample13_exterior.png,real_match\JDX-124_vs_JDX-126_sample13_interior.png
JDX-126_vs_JDX-127_sample4,1,JDX-126_vs_JDX-127_sample4_exterior.png,JDX-126_vs_JDX-127_sample4_interior.png,real_match\JDX-126_vs_JDX-127_sample4_exterior.png,real_match\JDX-126_vs_JDX-127_sample4_interior.png
JDX-128_vs_JDX-129_sample14,1,JDX-128_vs_JDX-129_sample14_exterior.png,JDX-128_vs_JDX-129_sample14_interior.png,real_match\JDX-128_vs_JDX-129_sample14_exterior.png,real_match\JDX-128_vs_JDX-129_sample14_interior.png
JDX-128_vs_JDX-130_sample19,1,JDX-128_vs_JDX-130_sample19_exterior.png,JDX-128_vs_JDX-130_sample19_interior.png,real_match\JDX-128_vs_JDX-130_sample19_exterior.png,real_match\JDX-128_vs_JDX-130_sample19_interior.png
JDX-12_vs_JDX-13_sample8,1,JDX-12_vs_JDX-13_sample8_exterior.png,JDX-12_vs_JDX-13_sample8_interior.png,real_match\JDX-12_vs_JDX-13_sample8_exterior.png,real_match\JDX-12_vs_JDX-13_sample8_interior.png
JDX-12_vs_JDX-5_sample10,1,JDX-12_vs_JDX-5_sample10_exterior.png,JDX-12_vs_JDX-5_sample10_interior.png,real_match\JDX-12_vs_JDX-5_sample10_exterior.png,real_match\JDX-12_vs_JDX-5_sample10_interior.png
JDX-130_vs_JDX-131_sample7,1,JDX-130_vs_JDX-131_sample7_exterior.png,JDX-130_vs_JDX-131_sample7_interior.png,real_match\JDX-130_vs_JDX-131_sample7_exterior.png,real_match\JDX-130_vs_JDX-131_sample7_interior.png
JDX-130_vs_JDX-132_sample20,1,JDX-130_vs_JDX-132_sample20_exterior.png,JDX-130_vs_JDX-132_sample20_interior.png,real_match\JDX-130_vs_JDX-132_sample20_exterior.png,real_match\JDX-130_vs_JDX-132_sample20_interior.png
JDX-131_vs_JDX-132_sample21,1,JDX-131_vs_JDX-132_sample21_exterior.png,JDX-131_vs_JDX-132_sample21_interior.png,real_match\JDX-131_vs_JDX-132_sample21_exterior.png,real_match\JDX-131_vs_JDX-132_sample21_interior.png
JDX-133_vs_JDX-134_sample11,1,JDX-133_vs_JDX-134_sample11_exterior.png,JDX-133_vs_JDX-134_sample11_interior.png,real_match\JDX-133_vs_JDX-134_sample11_exterior.png,real_match\JDX-133_vs_JDX-134_sample11_interior.png
JDX-135_vs_JDX-139_sample18,1,JDX-135_vs_JDX-139_sample18_exterior.png,JDX-135_vs_JDX-139_sample18_interior.png,real_match\JDX-135_vs_JDX-139_sample18_exterior.png,real_match\JDX-135_vs_JDX-139_sample18_interior.png
JDX-136_vs_JDX-137_sample1,1,JDX-136_vs_JDX-137_sample1_exterior.png,JDX-136_vs_JDX-137_sample1_interior.png,real_match\JDX-136_vs_JDX-137_sample1_exterior.png,real_match\JDX-136_vs_JDX-137_sample1_interior.png
JDX-138_vs_JDX-141_sample19,1,JDX-138_vs_JDX-141_sample19_exterior.png,JDX-138_vs_JDX-141_sample19_interior.png,real_match\JDX-138_vs_JDX-141_sample19_exterior.png,real_match\JDX-138_vs_JDX-141_sample19_interior.png
JDX-139_vs_JDX-141_sample1,1,JDX-139_vs_JDX-141_sample1_exterior.png,JDX-139_vs_JDX-141_sample1_interior.png,real_match\JDX-139_vs_JDX-141_sample1_exterior.png,real_match\JDX-139_vs_JDX-141_sample1_interior.png
JDX-140_vs_JDX-141_sample2,1,JDX-140_vs_JDX-141_sample2_exterior.png,JDX-140_vs_JDX-141_sample2_interior.png,real_match\JDX-140_vs_JDX-141_sample2_exterior.png,real_match\JDX-140_vs_JDX-141_sample2_interior.png
JDX-142_vs_JDX-144_sample13,1,JDX-142_vs_JDX-144_sample13_exterior.png,JDX-142_vs_JDX-144_sample13_interior.png,real_match\JDX-142_vs_JDX-144_sample13_exterior.png,real_match\JDX-142_vs_JDX-144_sample13_interior.png
JDX-143_vs_JDX-144_sample21,1,JDX-143_vs_JDX-144_sample21_exterior.png,JDX-143_vs_JDX-144_sample21_interior.png,real_match\JDX-143_vs_JDX-144_sample21_exterior.png,real_match\JDX-143_vs_JDX-144_sample21_interior.png
JDX-15_vs_JDX-8_sample11,1,JDX-15_vs_JDX-8_sample11_exterior.png,JDX-15_vs_JDX-8_sample11_interior.png,real_match\JDX-15_vs_JDX-8_sample11_exterior.png,real_match\JDX-15_vs_JDX-8_sample11_interior.png
JDX-16_vs_JDX-17_sample2,1,JDX-16_vs_JDX-17_sample2_exterior.png,JDX-16_vs_JDX-17_sample2_interior.png,real_match\JDX-16_vs_JDX-17_sample2_exterior.png,real_match\JDX-16_vs_JDX-17_sample2_interior.png
JDX-18_vs_JDX-19_sample7,1,JDX-18_vs_JDX-19_sample7_exterior.png,JDX-18_vs_JDX-19_sample7_interior.png,real_match\JDX-18_vs_JDX-19_sample7_exterior.png,real_match\JDX-18_vs_JDX-19_sample7_interior.png
JDX-20_vs_JDX-21_sample17,1,JDX-20_vs_JDX-21_sample17_exterior.png,JDX-20_vs_JDX-21_sample17_interior.png,real_match\JDX-20_vs_JDX-21_sample17_exterior.png,real_match\JDX-20_vs_JDX-21_sample17_interior.png
JDX-22_vs_JDX-23_sample2,1,JDX-22_vs_JDX-23_sample2_exterior.png,JDX-22_vs_JDX-23_sample2_interior.png,real_match\JDX-22_vs_JDX-23_sample2_exterior.png,real_match\JDX-22_vs_JDX-23_sample2_interior.png
JDX-24_vs_JDX-26_sample5,1,JDX-24_vs_JDX-26_sample5_exterior.png,JDX-24_vs_JDX-26_sample5_interior.png,real_match\JDX-24_vs_JDX-26_sample5_exterior.png,real_match\JDX-24_vs_JDX-26_sample5_interior.png
JDX-25_vs_JDX-28_sample6,1,JDX-25_vs_JDX-28_sample6_exterior.png,JDX-25_vs_JDX-28_sample6_interior.png,real_match\JDX-25_vs_JDX-28_sample6_exterior.png,real_match\JDX-25_vs_JDX-28_sample6_interior.png
JDX-27_vs_JDX-29_sample12,1,JDX-27_vs_JDX-29_sample12_exterior.png,JDX-27_vs_JDX-29_sample12_interior.png,real_match\JDX-27_vs_JDX-29_sample12_exterior.png,real_match\JDX-27_vs_JDX-29_sample12_interior.png
JDX-30_vs_JDX-31_sample9,1,JDX-30_vs_JDX-31_sample9_exterior.png,JDX-30_vs_JDX-31_sample9_interior.png,real_match\JDX-30_vs_JDX-31_sample9_exterior.png,real_match\JDX-30_vs_JDX-31_sample9_interior.png
JDX-31_vs_JDX-32_sample13,1,JDX-31_vs_JDX-32_sample13_exterior.png,JDX-31_vs_JDX-32_sample13_interior.png,real_match\JDX-31_vs_JDX-32_sample13_exterior.png,real_match\JDX-31_vs_JDX-32_sample13_interior.png
JDX-33_vs_JDX-36_sample9,1,JDX-33_vs_JDX-36_sample9_exterior.png,JDX-33_vs_JDX-36_sample9_interior.png,real_match\JDX-33_vs_JDX-36_sample9_exterior.png,real_match\JDX-33_vs_JDX-36_sample9_interior.png
JDX-33_vs_JDX-37_sample18,1,JDX-33_vs_JDX-37_sample18_exterior.png,JDX-33_vs_JDX-37_sample18_interior.png,real_match\JDX-33_vs_JDX-37_sample18_exterior.png,real_match\JDX-33_vs_JDX-37_sample18_interior.png
JDX-34_vs_JDX-35_sample13,1,JDX-34_vs_JDX-35_sample13_exterior.png,JDX-34_vs_JDX-35_sample13_interior.png,real_match\JDX-34_vs_JDX-35_sample13_exterior.png,real_match\JDX-34_vs_JDX-35_sample13_interior.png
JDX-34_vs_JDX-36_sample6,1,JDX-34_vs_JDX-36_sample6_exterior.png,JDX-34_vs_JDX-36_sample6_interior.png,real_match\JDX-34_vs_JDX-36_sample6_exterior.png,real_match\JDX-34_vs_JDX-36_sample6_interior.png
JDX-35_vs_JDX-36_sample3,1,JDX-35_vs_JDX-36_sample3_exterior.png,JDX-35_vs_JDX-36_sample3_interior.png,real_match\JDX-35_vs_JDX-36_sample3_exterior.png,real_match\JDX-35_vs_JDX-36_sample3_interior.png
JDX-38_vs_JDX-39_sample20,1,JDX-38_vs_JDX-39_sample20_exterior.png,JDX-38_vs_JDX-39_sample20_interior.png,real_match\JDX-38_vs_JDX-39_sample20_exterior.png,real_match\JDX-38_vs_JDX-39_sample20_interior.png
JDX-39_vs_JDX-41_sample22,1,JDX-39_vs_JDX-41_sample22_exterior.png,JDX-39_vs_JDX-41_sample22_interior.png,real_match\JDX-39_vs_JDX-41_sample22_exterior.png,real_match\JDX-39_vs_JDX-41_sample22_interior.png
JDX-42_vs_JDX-43_sample21,1,JDX-42_vs_JDX-43_sample21_exterior.png,JDX-42_vs_JDX-43_sample21_interior.png,real_match\JDX-42_vs_JDX-43_sample21_exterior.png,real_match\JDX-42_vs_JDX-43_sample21_interior.png
JDX-44_vs_JDX-45_sample6,1,JDX-44_vs_JDX-45_sample6_exterior.png,JDX-44_vs_JDX-45_sample6_interior.png,real_match\JDX-44_vs_JDX-45_sample6_exterior.png,real_match\JDX-44_vs_JDX-45_sample6_interior.png
JDX-45_vs_JDX-46_sample3,1,JDX-45_vs_JDX-46_sample3_exterior.png,JDX-45_vs_JDX-46_sample3_interior.png,real_match\JDX-45_vs_JDX-46_sample3_exterior.png,real_match\JDX-45_vs_JDX-46_sample3_interior.png
JDX-46_vs_JDX-47_sample12,1,JDX-46_vs_JDX-47_sample12_exterior.png,JDX-46_vs_JDX-47_sample12_interior.png,real_match\JDX-46_vs_JDX-47_sample12_exterior.png,real_match\JDX-46_vs_JDX-47_sample12_interior.png
JDX-48_vs_JDX-49_sample21,1,JDX-48_vs_JDX-49_sample21_exterior.png,JDX-48_vs_JDX-49_sample21_interior.png,real_match\JDX-48_vs_JDX-49_sample21_exterior.png,real_match\JDX-48_vs_JDX-49_sample21_interior.png
JDX-50_vs_JDX-51_sample1,1,JDX-50_vs_JDX-51_sample1_exterior.png,JDX-50_vs_JDX-51_sample1_interior.png,real_match\JDX-50_vs_JDX-51_sample1_exterior.png,real_match\JDX-50_vs_JDX-51_sample1_interior.png
JDX-50_vs_JDX-52_sample21,1,JDX-50_vs_JDX-52_sample21_exterior.png,JDX-50_vs_JDX-52_sample21_interior.png,real_match\JDX-50_vs_JDX-52_sample21_exterior.png,real_match\JDX-50_vs_JDX-52_sample21_interior.png
JDX-51_vs_JDX-52_sample1,1,JDX-51_vs_JDX-52_sample1_exterior.png,JDX-51_vs_JDX-52_sample1_interior.png,real_match\JDX-51_vs_JDX-52_sample1_exterior.png,real_match\JDX-51_vs_JDX-52_sample1_interior.png
JDX-53_vs_JDX-54_sample11,1,JDX-53_vs_JDX-54_sample11_exterior.png,JDX-53_vs_JDX-54_sample11_interior.png,real_match\JDX-53_vs_JDX-54_sample11_exterior.png,real_match\JDX-53_vs_JDX-54_sample11_interior.png
JDX-56_vs_JDX-57_sample12,1,JDX-56_vs_JDX-57_sample12_exterior.png,JDX-56_vs_JDX-57_sample12_interior.png,real_match\JDX-56_vs_JDX-57_sample12_exterior.png,real_match\JDX-56_vs_JDX-57_sample12_interior.png
JDX-56_vs_JDX-59_sample7,1,JDX-56_vs_JDX-59_sample7_exterior.png,JDX-56_vs_JDX-59_sample7_interior.png,real_match\JDX-56_vs_JDX-59_sample7_exterior.png,real_match\JDX-56_vs_JDX-59_sample7_interior.png
JDX-61_vs_JDX-62_sample10,1,JDX-61_vs_JDX-62_sample10_exterior.png,JDX-61_vs_JDX-62_sample10_interior.png,real_match\JDX-61_vs_JDX-62_sample10_exterior.png,real_match\JDX-61_vs_JDX-62_sample10_interior.png
JDX-62_vs_JDX-63_sample6,1,JDX-62_vs_JDX-63_sample6_exterior.png,JDX-62_vs_JDX-63_sample6_interior.png,real_match\JDX-62_vs_JDX-63_sample6_exterior.png,real_match\JDX-62_vs_JDX-63_sample6_interior.png
JDX-72_vs_JDX-75_sample5,1,JDX-72_vs_JDX-75_sample5_exterior.png,JDX-72_vs_JDX-75_sample5_interior.png,real_match\JDX-72_vs_JDX-75_sample5_exterior.png,real_match\JDX-72_vs_JDX-75_sample5_interior.png
JDX-73_vs_JDX-74_sample14,1,JDX-73_vs_JDX-74_sample14_exterior.png,JDX-73_vs_JDX-74_sample14_interior.png,real_match\JDX-73_vs_JDX-74_sample14_exterior.png,real_match\JDX-73_vs_JDX-74_sample14_interior.png
JDX-76_vs_JDX-77_sample21,1,JDX-76_vs_JDX-77_sample21_exterior.png,JDX-76_vs_JDX-77_sample21_interior.png,real_match\JDX-76_vs_JDX-77_sample21_exterior.png,real_match\JDX-76_vs_JDX-77_sample21_interior.png
JDX-77_vs_JDX-79_sample6,1,JDX-77_vs_JDX-79_sample6_exterior.png,JDX-77_vs_JDX-79_sample6_interior.png,real_match\JDX-77_vs_JDX-79_sample6_exterior.png,real_match\JDX-77_vs_JDX-79_sample6_interior.png
JDX-78_vs_JDX-79_sample22,1,JDX-78_vs_JDX-79_sample22_exterior.png,JDX-78_vs_JDX-79_sample22_interior.png,real_match\JDX-78_vs_JDX-79_sample22_exterior.png,real_match\JDX-78_vs_JDX-79_sample22_interior.png
JDX-78_vs_JDX-82_sample21,1,JDX-78_vs_JDX-82_sample21_exterior.png,JDX-78_vs_JDX-82_sample21_interior.png,real_match\JDX-78_vs_JDX-82_sample21_exterior.png,real_match\JDX-78_vs_JDX-82_sample21_interior.png
JDX-79_vs_JDX-83_sample22,1,JDX-79_vs_JDX-83_sample22_exterior.png,JDX-79_vs_JDX-83_sample22_interior.png,real_match\JDX-79_vs_JDX-83_sample22_exterior.png,real_match\JDX-79_vs_JDX-83_sample22_interior.png
JDX-7_vs_JDX-9_sample21,1,JDX-7_vs_JDX-9_sample21_exterior.png,JDX-7_vs_JDX-9_sample21_interior.png,real_match\JDX-7_vs_JDX-9_sample21_exterior.png,real_match\JDX-7_vs_JDX-9_sample21_interior.png
JDX-80_vs_JDX-81_sample18,1,JDX-80_vs_JDX-81_sample18_exterior.png,JDX-80_vs_JDX-81_sample18_interior.png,real_match\JDX-80_vs_JDX-81_sample18_exterior.png,real_match\JDX-80_vs_JDX-81_sample18_interior.png
JDX-81_vs_JDX-82_sample3,1,JDX-81_vs_JDX-82_sample3_exterior.png,JDX-81_vs_JDX-82_sample3_interior.png,real_match\JDX-81_vs_JDX-82_sample3_exterior.png,real_match\JDX-81_vs_JDX-82_sample3_interior.png
JDX-85_vs_JDX-87_sample6,1,JDX-85_vs_JDX-87_sample6_exterior.png,JDX-85_vs_JDX-87_sample6_interior.png,real_match\JDX-85_vs_JDX-87_sample6_exterior.png,real_match\JDX-85_vs_JDX-87_sample6_interior.png
JDX-86_vs_JDX-87_sample15,1,JDX-86_vs_JDX-87_sample15_exterior.png,JDX-86_vs_JDX-87_sample15_interior.png,real_match\JDX-86_vs_JDX-87_sample15_exterior.png,real_match\JDX-86_vs_JDX-87_sample15_interior.png
JDX-8_vs_JDX-9_sample17,1,JDX-8_vs_JDX-9_sample17_exterior.png,JDX-8_vs_JDX-9_sample17_interior.png,real_match\JDX-8_vs_JDX-9_sample17_exterior.png,real_match\JDX-8_vs_JDX-9_sample17_interior.png
JDX-93_vs_JDX-94_sample6,1,JDX-93_vs_JDX-94_sample6_exterior.png,JDX-93_vs_JDX-94_sample6_interior.png,real_match\JDX-93_vs_JDX-94_sample6_exterior.png,real_match\JDX-93_vs_JDX-94_sample6_interior.png
JDX-94_vs_JDX-95_sample16,1,JDX-94_vs_JDX-95_sample16_exterior.png,JDX-94_vs_JDX-95_sample16_interior.png,real_match\JDX-94_vs_JDX-95_sample16_exterior.png,real_match\JDX-94_vs_JDX-95_sample16_interior.png
JDX-94_vs_JDX-96_sample20,1,JDX-94_vs_JDX-96_sample20_exterior.png,JDX-94_vs_JDX-96_sample20_interior.png,real_match\JDX-94_vs_JDX-96_sample20_exterior.png,real_match\JDX-94_vs_JDX-96_sample20_interior.png
JDX-96_vs_JDX-97_sample10,1,JDX-96_vs_JDX-97_sample10_exterior.png,JDX-96_vs_JDX-97_sample10_interior.png,real_match\JDX-96_vs_JDX-97_sample10_exterior.png,real_match\JDX-96_vs_JDX-97_sample10_interior.png
JDX-97_vs_JDX-99_sample15,1,JDX-97_vs_JDX-99_sample15_exterior.png,JDX-97_vs_JDX-99_sample15_interior.png,real_match\JDX-97_vs_JDX-99_sample15_exterior.png,real_match\JDX-97_vs_JDX-99_sample15_interior.png
